"ID","NEW_SMILES","Vina_scores","LeDock_scores"
"CHEMBL3087498","CC(C)N(CCCNC(=O)Nc1ccc(C(C)(C)C)cc1)CC1OC(n2cc(Br)c3c(=N)[nH]cnc32)C(O)C1O",-8.387,-9.98
"CHEMBL2171169","CC(C)N(CCCNC(=O)Nc1ccc(C(C)(C)C)cc1)CC1OC(n2cnc3c(=N)[nH]cnc32)C(O)C1O",-9.159,-9.56
"CHEMBL83747","O=C(NCCSSCCNC(=O)C(Cc1ccc(O)c(Br)c1)=NO)C(Cc1ccc(O)c(Br)c1)=NO",-8.214,-11.14
"CHEMBL4215326","COc1cc2c(=NC3CCN(C)CC3)cc(-c3ccc(C)o3)[nH]c2cc1OC1CC2(C1)CN(C)C2",-9.798,-8.68
"CHEMBL1201129","N=c1ncn(C2CC(O)C(CO)O2)c(=O)[nH]1",-6.846,-6.32
"CHEMBL4208004","COc1cc2c(=NCC3CCN(C)CC3)cc(-c3ccc(C)o3)[nH]c2cc1OCCCN1CCCC1",-9.307,-8.75
"CHEMBL4212905","CCc1ccc(-c2cc(=NCC3CCN(C)CC3)c3cc(OC)c(OCCCN4CCCC4)cc3[nH]2)o1",-8.922,-8.74
"CHEMBL418052","N=c1[nH]cnc2c1ncn2C1OC(CSCCC(N)C(=O)O)C(O)C1O",-7.922,-9.27
"CHEMBL4208010","COc1cc2c(=NC3CCN(C)CC3)cc(-c3ccc(C)o3)[nH]c2cc1OCC1CCNCC1",-9.88,-8.72
"CHEMBL4211688","CCc1ccc(-c2cc(=NCC3C4CCC3CN(C)C4)c3cc(OC)c(OCCCN4CCCC4)cc3[nH]2)o1",-9.305,-8.19
"CHEMBL4215862","COc1cc2c(=NC3CCN(C)CC3)cc(-c3ccc(C)o3)[nH]c2cc1OC1CC2(C1)CN(C(C)C)C2",-9.776,-8.31
"CHEMBL4203133","COc1cc2c(=NC3CCN(C)CC3)cc(-c3ccc(C)o3)[nH]c2cc1OCC1CCN(C)CC1",-9.872,-8.64
"CHEMBL1564869","O=C(O)C(Cc1c[nH]c2ccccc12)N1C(=O)c2ccccc2C1=O",-9.174,-6.13
"CHEMBL3126646","Cc1cc(=Nc2cccc(NC(=O)c3cccc(N=c4cc[nH]c5ccccc45)c3)c2)[nH]c(=N)[nH]1",-11.167,-11.13
"CHEMBL4208812","COc1cc2c(=NC3CCC34CCN(C)CC4)cc(-c3ccc(C)o3)[nH]c2cc1OCCCN1CCCC1",-9.691,-8.79
"CHEMBL4163329","COc1cc2c(=NC3CCNCC3)cc(-c3ccc(C)o3)[nH]c2cc1OCCCN1CCCC1",-9.354,-8.82
"CHEMBL4206035","COc1cc2c(=NC3CC4(CCN(C)CC4)C3)cc(-c3ccc(C)o3)[nH]c2cc1OCCCN1CCCC1",-9.429,-8.84
"CHEMBL4588797","N#Cc1cn(C2OC(CSCCC(N)C(=O)O)C(O)C2O)c2[nH]cnc(=N)c12",-9.42,-9.81
"CHEMBL4856184","COc1cc2c(=NCC3CCN(Cc4ccc(C(O)=NO)cc4)CC3)cc(-c3ccc(C)o3)[nH]c2cc1OCCCN1CCCC1",-9.27,-10.28
"CHEMBL4216593","COc1cc2c(=NC3CC4(CCN(C(C)C)CC4)C3)cc(-c3ccc(C)o3)[nH]c2cc1OC1CC2(C1)CN(C)C2",-10.477,-8.62
"CHEMBL4216144","COc1cc2c(=NC3CC4(CCN(C)C4)C3)cc(-c3ccc(C)o3)[nH]c2cc1OCCCN1CCCC1",-9.514,-8.4
"CHEMBL4213346","COc1cc2c(=NC3CC4(CCN(C)CC4)C3)cc(-c3ccc(C)o3)[nH]c2cc1OCC1CCN(C)CC1",-10.186,-9.2
"CHEMBL4203647","COc1cc2c(=NCC3CCN(C(C)C)CC3)cc(-c3ccc(C)o3)[nH]c2cc1OCCCN1CCCC1",-9.498,-8.52
"CHEMBL4204482","COc1cc2c(=NC3CC4(CCN(C(C)C)CC4)C3)cc(-c3ccc(C)o3)[nH]c2cc1OCCCN1CCCC1",-9.234,-8.34
"CHEMBL4205136","CCc1ccc(-c2cc(=NC3CCN(C)CC3)c3cc(OC)c(OCCCN4CCC5(CC5)C4)cc3[nH]2)o1",-9.199,-9.03
"CHEMBL4203933","CCc1ccc(-c2cc(=NC3CCC34CCN(C)CC4)c3cc(OC)c(OCCCN4CCCC4)cc3[nH]2)o1",-9.452,-8.8
"CHEMBL4159597","COc1cc2c(=NC3CCN(C)CC3)cc(-c3ccc(C)s3)[nH]c2cc1OCCCN1CCCC1",-8.605,-8.83
"CHEMBL4171233","COc1cc2c(=NC3CCN(C(C)C)CC3)cc(-c3ccc(C)o3)[nH]c2cc1OCCCN1CCCC1",-9.332,-7.91
"CHEMBL4207331","COc1cc2c(=NC3C4CCC3CN(C)C4)cc(-c3ccc(C)o3)[nH]c2cc1OCCCN1CCCC1",-10.138,-9.44
"CHEMBL4205373","COc1cc2c(=NC3CC4CCC(C3)N4C)cc(-c3ccc(C)o3)[nH]c2cc1OCCCN1CCCC1",-9.196,-8.73
"CHEMBL4160008","CCc1ccc(-c2cc(=NC3CCN(C)CC3)c3cc(OC)c(OCCCN4CCCC4)cc3[nH]2)o1",-9.226,-8.3
"CHEMBL4170225","COc1cc2c(=NC3CCN(C)CC3)cc(-c3ccc(C)[nH]3)[nH]c2cc1OCCCN1CCCC1",-9.152,-9.53
"CHEMBL4210033","CCc1ccc(-c2cc(=NC3CCN(C)CC3)c3cc(OC)c(OCCCN4CCCCC4)cc3[nH]2)o1",-8.971,-9.41
"CHEMBL4204903","COc1cc2c(=NC3CC4(CCN(C)CC4)C3)cc(-c3ccc(C)o3)[nH]c2cc1OC1CC2(C1)CN(C)C2",-10.601,-8.76
"CHEMBL4216663","COc1cc2c(=NCC3C4CCC3CN(C)C4)cc(-c3ccc(C)o3)[nH]c2cc1OCCCN1CCCC1",-9.7,-8.33
"CHEMBL4870578","COc1cc2[nH]c(-c3ccc(C)o3)cc(=NCC3CCN(Cc4ccc(C(O)=NO)cc4)CC3)c2cc1OC",-9.197,-9.14
"CHEMBL4176464","CCc1ccc(-c2cc(=NC3CCN(C4CC4)CC3)c3cc(OC)c(OCCCN4CCCC4)cc3[nH]2)o1",-9.066,-8.01
"CHEMBL4173626","CCc1ccc(-c2cc(=NC3CCN(C(C)C)CC3)c3cc(OC)c(OCCCN4CCCC4)cc3[nH]2)o1",-9.613,-7.76
"CHEMBL4212218","COc1cc2c(=NC3CCC34CCN(C)C4)cc(-c3ccc(C)o3)[nH]c2cc1OCCCN1CCCC1",-9.164,-8.88
"CHEMBL4217332","COc1cc2c(=NC3CCN(C)C(=O)C3)cc(-c3ccc(C)o3)[nH]c2cc1OCCCN1CCCC1",-8.824,-9.11
"CHEMBL4215377","Cc1ccc(-c2cc(=NC3CCN(C)CC3)c3cc(Cl)c(OCCCN4CCCC4)cc3[nH]2)o1",-9.099,-9.39
"CHEMBL1489","N=c1ncn(C2OC(CO)C(O)C2O)c(=O)[nH]1",-6.608,-6.22
"CHEMBL4854447","COc1cc2c(=NC3CCN(Cc4ccc(C(O)=NO)cc4)CC3)cc(-c3ccc(C)o3)[nH]c2cc1OCCCN1CCCC1",-9.382,-9.09
"CHEMBL4869419","COc1cc2[nH]c(-c3ccc(C)o3)cc(=NCC3CCN(Cc4ccc(C(O)=NO)s4)CC3)c2cc1OC",-9.586,-9.86
"CHEMBL2385821","Cc1cc(=Nc2cccc(NC(=O)c3ccc(N=c4cc[nH]c5ccccc45)cc3)c2)[nH]c(=N)[nH]1",-10.895,-9.76
"CHEMBL4170114","COc1cc2c(=NC3CCN(C)CC3)cc(-c3ccc(C)o3)[nH]c2cc1OCCCN1CCCC1",-9.297,-8.59
"CHEMBL4203655","COc1cc2c(=NC3CCN(C)CC3)cc(-c3ccc(C)o3)[nH]c2cc1OC1CCNCC1",-9.451,-8.67
"CHEMBL4162911","COc1cc2c(=NC3CCN(C4CC4)CC3)cc(-c3ccc(C)o3)[nH]c2cc1OCCCN1CCCC1",-9.99,-8.49
"CHEMBL4873711","COc1cc2c(=NCC3CCN(c4ccc(C(O)=NO)cc4)CC3)cc(-c3ccc(C)o3)[nH]c2cc1OCCCN1CCCC1",-9.705,-9.02
"CHEMBL4207526","CCc1ccc(-c2cc(=NC3CCN(C)CC3)c3cc(OC)c(OCCCN(C)C)cc3[nH]2)o1",-8.811,-8.57
"CHEMBL4212380","CCc1ccc(-c2cc(=NC3CCN(C)CC3)c3cc(OC)c(OCCCN4CCOCC4)cc3[nH]2)o1",-9.349,-8.22
"CHEMBL4208425","COc1cc2c(=NCC3CCN(C)CC3)cc(-c3ccc(C)o3)[nH]c2cc1OC1CC2(C1)CN(C)C2",-10.047,-8.79
"CHEMBL4173668","COc1cc2c(=NC3CCN(C)CC3)cc(C3=CCCCC3)[nH]c2cc1OCCCN1CCCC1",-9.001,-8.65
"CHEMBL4210910","COc1cc2c(=NC3CCN(C)CC3)cc(-c3ccc(C)o3)[nH]c2cc1OC1CC2(C1)CN(C1CC1)C2",-9.696,-8.46
"CHEMBL4159604","COc1cc2c(=NC3CCN(C)CC3)cc(C3CCCCC3)[nH]c2cc1OCCCN1CCCC1",-9.241,-8.32
"CHEMBL297453","O=C(OC1Cc2c(O)cc(O)cc2OC1c1cc(O)c(O)c(O)c1)c1cc(O)c(O)c(O)c1",-10.441,-9.33
"CHEMBL4209267","COc1cc2c(=NC3C4CCC3CN(C)C4)cc(-c3ccc(C)o3)[nH]c2cc1OC1CC2(C1)CN(C)C2",-10.136,-9.58
"CHEMBL4850606","COc1cc2c(=NCC3CCC(C(O)=NO)CC3)cc(-c3ccc(C)o3)[nH]c2cc1OCCCN1CCCC1",-9.246,-9.07
"CHEMBL4874514","COc1cc2[nH]c(-c3ccc(C)o3)cc(=NCC3CCN(C4CC(C(O)=NO)C4)CC3)c2cc1OC",-9.79,-8.9
"CHEMBL4865830","COc1cc2c(=NCC3CCN(c4ncc(C(O)=NO)cn4)CC3)cc(C)[nH]c2cc1OCCCN1CCCC1",-8.743,-9.96
"CHEMBL4872782","COc1cc2c(=NCC3CCN(C4CCC(C(O)=NO)CC4)CC3)cc(-c3ccc(C)o3)[nH]c2cc1OCCCN1CCCC1",-9.7,-8.66
"CHEMBL4175132","COc1cc2c(=NC3CCN(C)CC3)cc(-c3ccccc3C)[nH]c2cc1OCCCN1CCCC1",-9.603,-9.15
"CHEMBL4203186","Cc1ccc(-c2cc(=NC3CCN(C)CC3)c3cc(C#N)c(OCCCN4CCCC4)cc3[nH]2)o1",-9.652,-9.42
"CHEMBL4162206","COc1cc2c(=NC3CCN(C(C)C)CC3)cc(C3CCCCC3)[nH]c2cc1OCCCN1CCCC1",-9.479,-8.28
"CHEMBL4159955","CCNCc1ccc(-c2cc(=NC3CCN(C)CC3)c3cc(OC)c(OCCCN4CCCC4)cc3[nH]2)o1",-8.534,-9.09
"CHEMBL4217747","COc1cc2c(=NCc3ccccc3)cc(-c3ccc(C)o3)[nH]c2cc1OCCCN1CCCC1",-9.24,-8.45
"CHEMBL4210432","Cc1ccc(-c2cc(=NC3CCN(C)CC3)c3cc(O)c(OCCCN4CCCC4)cc3[nH]2)o1",-9.107,-9.88
"CHEMBL3126651","O=C(Nc1ccc(N=c2cc[nH]c3ccccc23)cc1)c1ccc(N=c2cc[nH]c3ccccc23)cc1",-10.033,-7.94
"CHEMBL4855710","COc1cc2c(=NC3CCN(c4ccc(C(O)=NO)cc4)CC3)cc(-c3ccc(C)o3)[nH]c2cc1OCCCN1CCCC1",-9.488,-9.4
"CHEMBL4208522","COc1cc2c(=NC(C)(C)C3CCN(C)CC3)cc(-c3ccc(C)o3)[nH]c2cc1OCCCN1CCCC1",-9.158,-8.65
"CHEMBL4175084","COc1cc2c(=NC3CCN(C)CC3)cc(-c3ccc(CO)o3)[nH]c2cc1OCCCN1CCCC1",-8.982,-9.89
"CHEMBL4202651","COc1cc2[nH]c(-c3ccc(C)o3)cc(=NC3CCN(C)CC3)c2cc1OC",-8.876,-7.86
"CHEMBL4205107","COc1cc2c(=NCCO)cc(-c3ccc(C)o3)[nH]c2cc1OCCCN1CCCC1",-8.346,-8.62
"CHEMBL4872188","COc1cc2c(=NCc3ccc(C(O)=NO)cc3)cc(-c3ccc(C)o3)[nH]c2cc1OCCCN1CCCC1",-9.398,-9.45
"CHEMBL1328733","O=C1NC(=S)N(c2ccccc2)C(=O)C1=Cc1ccco1",-7.812,-6.47
"CHEMBL560106","N=c1[nH]c(Cl)nc2c1ncn2C1OC(CSC2CNC(C(=O)O)C2)C(O)C1O",-8.98,-8.32
"CHEMBL4207483","COc1cc2c(=NC3CCN(C)CC3)cc(-c3ccc(C)o3)[nH]c2cc1OCCCN1CCC(F)C1",-9.057,-8.8
"CHEMBL2336409","Cc1cc(=Nc2ccc(NC(=O)c3ccc(N=c4cc[nH]c5ccccc45)cc3)cc2)[nH]c(=N)[nH]1",-8.904,-8.26
"CHEMBL4163369","COc1cc2c(=NC3CCN(C)CC3)cc(C)[nH]c2cc1OCCCN1CCCC1",-8.527,-8.11
"CHEMBL4162967","COc1cc2c(=NC3CCN(C)CC3)cc(N3CCN(C)CC3)[nH]c2cc1OCCCN1CCCC1",-8.878,-9.32
"CHEMBL4177036","COc1cc2c(=NC3CCN(C)CC3)cc(C3=CCOCC3)[nH]c2cc1OCCCN1CCCC1",-9.133,-9.17
"CHEMBL4210955","Cc1ccc(-c2cc(=NC3CCN(C)CC3)c3ccc(OCCCN4CCCC4)cc3[nH]2)o1",-9.707,-9.4
"CHEMBL4173662","COc1cc2c(=NC3CCN(C)CC3)cc(-c3ccoc3)[nH]c2cc1OCCCN1CCCC1",-9.688,-9.09
"CHEMBL4161915","COc1cc2c(=NC3CCN(C)CC3)cc(-c3ccn(C)n3)[nH]c2cc1OCCCN1CCCC1",-9.234,-8.71
"CHEMBL1303509","O=C(O)c1ccccc1-c1ccc(C=c2sc3nc4cc(Br)cnc4n3c2=O)o1",-9.491,-6.53
"CHEMBL1988862","O=C1c2sccc2-c2cccc3cccc1c23",-7.302,-4.7
"CHEMBL4211622","COc1cc2c(=NC3CC3)cc(-c3ccc(C)o3)[nH]c2cc1OCCCN1CCCC1",-8.635,-8.27
"CHEMBL4174724","COc1cc2c(=NC3CCN(C)CC3)cc(-c3ccccc3)[nH]c2cc1OCCCN1CCCC1",-8.919,-9
"CHEMBL4166777","COc1cc2c(=NC3CCN(C)CC3)cc(-c3ccc(-c4ccccc4)o3)[nH]c2cc1OCCCN1CCCC1",-10.468,-9.53
"CHEMBL4212375","CNC(=O)CCN=c1cc(-c2ccc(C)o2)[nH]c2cc(OCCCN3CCCC3)c(OC)cc12",-9.123,-9.7
"CHEMBL4174677","COc1cc2c(=NC3CCN(C)CC3)cc(-c3cc4ccccc4o3)[nH]c2cc1OCCCN1CCCC1",-9.221,-9.47
"CHEMBL557902","N=c1[nH]cnc2c1ncn2C1OC(CSC2CNC(C(=O)O)C2)C(O)C1O",-8.641,-9.12
"CHEMBL4852593","COc1cc2c(=NCC3CCN(c4ncc(C(O)=NO)cn4)CC3)cc(-c3ccc(C)o3)[nH]c2cc1OCCCN1CCCC1",-9.217,-10.23
"CHEMBL4876993","COc1cc2c(=NCC3CCN(c4ncc(C(O)=NO)cn4)CC3)cc(-c3ccc(C)o3)[nH]c2cc1OCC1CCNCC1",-9.966,-10.32
"CHEMBL1373655","C=c1[nH]n(-c2cccc(C(=O)O)c2)c(=O)c1=CC=Cc1ccco1",-9.285,-5.8
"CHEMBL1789994","CC[N+](C)(CC)CCCCOc1ccc2c(c1)C(=O)c1cc(OCCCC[N+](C)(CC)CC)ccc1-2",-6.136,-5.83
"CHEMBL4162957","COc1cc2c(=NC3CCN(C)CC3)cc(-c3cc[nH]c(=O)c3)[nH]c2cc1OCCCN1CCCC1",-9.25,-10.29
"CHEMBL4167876","COc1cc2c(=NC3CCN(C)CC3)cc(-c3ccc(CN(C)C)o3)[nH]c2cc1OCCCN1CCCC1",-9.159,-9.09
"CHEMBL1231795","COc1cc2c(=NC3CCN(C(C)C)CC3)[nH]c(C3CCCCC3)nc2cc1OCCCN1CCCC1",-9.173,-8.32
"CHEMBL1321933","O=C(N=c1[nH]nc(-c2ccncc2)s1)Nc1ccc(Cl)c(Cl)c1",-8.52,-8.22
"CHEMBL4217087","COc1cc2c(N(C)C3CCN(C)CC3)cc(-c3ccc(C)o3)nc2cc1OCCCN1CCCC1",-9.581,-8.41
"CHEMBL1704614","O=C1C(=O)c2c(ccc3ccccc23)-c2ccccc21",-8.406,-5
"CHEMBL4166410","COc1cc2c(=NC3CCN(C)CC3)cc(C3CCC(C)O3)[nH]c2cc1OCCCN1CCCC1",-8.983,-8.71
"CHEMBL4164497","COc1cc2c(=NC3CCN(C)CC3)cc(-c3cccnc3)[nH]c2cc1OCCCN1CCCC1",-8.617,-9.47
"CHEMBL1464280","C=C(C)C(=O)Nc1cccc(C2=NOC3(C2)CC(C(N)=O)N(C(=O)C2(C)CC2)C3)c1",-9.158,-7.39
"CHEMBL4850038","COc1cc2c(=NCc3ccc(C4CCC(C(O)=NO)CC4)cc3)cc(-c3ccc(C)o3)[nH]c2cc1OCCCN1CCCC1",-9.884,-8.73
"CHEMBL552309","N=c1[nH]cnc2c1ccn2C1OC(CSCCC(N)C(=O)O)C(O)C1O",-8.167,-9.21
"CHEMBL4164446","COc1cc2c(=NC3CCN(C)CC3)cc(-c3ccc(C#N)o3)[nH]c2cc1OCCCN1CCCC1",-9.458,-10.02
"CHEMBL318782","O=C1C(Cl)=C(Cl)C(=O)c2ccccc21",-6.637,-4.61
"CHEMBL1403497","O=c1cc(O)[nH]c(=O)n1Cc1ccco1",-6.427,-5.63
"CHEMBL4876823","COc1cc2[nH]c(-c3ccc(C)o3)cc(=NCC3C4CCC3CN(c3ncc(C(O)=NO)cn3)C4)c2cc1OC",-9.051,-10.47
"CHEMBL4216799","COc1cc2c(=NC3CCCC3)cc(-c3ccc(C)o3)[nH]c2cc1OCCCN1CCCC1",-8.814,-8.27
"CHEMBL1890961","O=C1C=C(N2CC2)c2ccccc2C1=O",-7.493,-5.15
"CHEMBL4206071","COc1cc2c(OC3CCN(C)CC3)cc(-c3ccc(C)o3)nc2cc1OCCCN1CCCC1",-8.559,-8.07
"CHEMBL2349526","N=c1[nH]cnc2c1c(Br)cn2C1OC(CSCCC(N)C(=O)O)C(O)C1O",-8.231,-9.79
"CHEMBL1579066","Oc1cccc2cc3cccc(O)c3c(O)c12",-7.616,-4.89
"CHEMBL1360585","C=C(C)C(=O)Nc1cccc(C2=NOC3(C2)CC(C(N)=O)N(C(=O)C(C)=CC)C3)c1",-9.102,-7.16
"CHEMBL4878570","ON=C(O)C1CCN(CC(O)COC(Cn2c3ccccc3c3ccccc32)Cn2c3ccccc3c3ccccc32)CC1",-10.175,-8.51
"CHEMBL4863011","COc1cc2c(=NC3CCN(c4ncc(C(O)=NO)cn4)CC3)cc(C)[nH]c2cc1OCCCN1CCCC1",-9.146,-9.53
"CHEMBL4214834","Cc1ccc(-c2cc(=NC3CCN(C)CC3)c3cc(OC(F)(F)F)c(OCCCN4CCCC4)cc3[nH]2)o1",-9.366,-9
"CHEMBL1360321","CN1C(=O)NC(=O)C(=Cc2ccc([N+](=O)[O-])o2)C1=O",-8.081,-6.92
"CHEMBL4856110","COc1cc2[nH]c(-c3ccc(C)o3)cc(=NCC3CCN(c4ncc(C(O)=NO)cn4)CC3)c2cc1OC",-8.884,-9.16
"CHEMBL3126652","Cc1cc(=Nc2ccc(NC(=O)c3ccc(N=c4cc(C)[nH]c(=N)[nH]4)cc3)cc2)[nH]c(=N)[nH]1",-8.38,-8.79
"CHEMBL4170228","COc1cc2c(=NC3CCN(C)CC3)[nH]c(-c3ccc(C)o3)nc2cc1OCCCN1CCCC1",-9.131,-9.07
"CHEMBL4171275","COc1cc(=NC2CCN(C)CC2)c2cc(OC)c(OCCCN3CCCC3)cc2[nH]1",-8.161,-8.15
"CHEMBL1981446","O=C(NN=Cc1cn(Cc2cccc(F)c2)c2ccccc12)c1cc(O)cc(O)c1",-10.319,-8.65
"CHEMBL559283","O=C(O)C1CC(SCC2OC(n3cnc4c(=NCCc5ccc(-c6ccccc6)cc5)[nH]c(Cl)nc43)C(O)C2O)CN1",-10.228,-9.62
"CHEMBL538692","N=c1[nH]c(F)nc2c1ncn2C1OC(CSCCC(N)C(=O)O)C(O)C1O",-8.332,-9.44
"CHEMBL4866673","COc1cc2c(=NCc3ccc(-c4ccc(C(O)=NO)cc4)cc3)cc(-c3ccc(C)o3)[nH]c2cc1OCCCN1CCCC1",-9.321,-8.95
"CHEMBL4855461","COc1cc2[nH]c(-c3ccc(C)o3)cc(=NC3CCC(C(O)=NO)CC3)c2cc1OC",-9.646,-8.44
"CHEMBL4849689","COc1cc2c(=NCC3CCC(c4ccc(C(O)=NO)cc4)CC3)cc(-c3ccc(C)o3)[nH]c2cc1OCCCN1CCCC1",-9.455,-8.83
"CHEMBL1539325","CC1(C)CCCN(C(=O)c2coc(=O)c(Br)c2)C1",-7.289,-5.28
"CHEMBL564768","N=c1[nH]c(Cl)nc2c1ncn2C1OC(CSCCC(N)C(=O)O)C(O)C1O",-7.668,-8.6
"CHEMBL1603637","COc1ccc(C=c2c(=CSc3ccc(Cl)cc3)[nH]n(-c3nc4ccccc4s3)c2=O)cc1",-9.935,-8.05
"CHEMBL1566994","COc1cc(=NS(=O)(=O)c2ccc(NC(=S)NC(=O)C=Cc3ccco3)cc2)[nH]cn1",-8.866,-7.67
"CHEMBL4862781","COc1cc2[nH]c(-c3ccc(C)o3)cc(=NCC3CCC(C(O)=NO)CC3)c2cc1OC",-9.609,-8.04
"CHEMBL4454542","COc1cc2c(cc1OCCCN1CCCC1)=NC(C1CCCCC1)C=NC=2NC1CCN(C(C)C)CC1",-9.091,-8.25
"CHEMBL1464200","Nc1cc(S(=O)(=O)O)cc([N+](=O)[O-])c1O",-7.14,-5.84
"CHEMBL1301673","C=C(C)C(=O)Nc1cccc(C2=NOC3(C2)CC(C(N)=O)N(C(=O)C=CC=CC)C3)c1",-8.852,-8.18
"CHEMBL1543134","O=C(C=Cc1ccco1)N=CC(=O)NNc1c(O)[nH]c2ccccc12",-9.832,-8.43
"CHEMBL1511981","CSc1ccc(C=NNc2ccc(S(=O)(=O)Nc3ccccc3C(=O)O)cc2[N+](=O)[O-])cc1",-8.781,-8.28
"CHEMBL1361920","C=c1c(=Cc2c(O)[nH]c(=O)n(Cc3ccccc3)c2=O)cc(C)n1-c1ccc(Cl)c(C(=O)O)c1",-9.548,-7.19
"CHEMBL1469245","COC(=O)c1c(NC(=O)COC(=O)c2ccc(NC(=O)CC#N)cc2)sc2c1CCCCC2",-8.153,-8.28
"CHEMBL1995706","COc1ccc(Br)cc1C=NNc1ccc(S(=O)(=O)Nc2ccccc2C(=O)O)cc1[N+](=O)[O-]",-9.218,-7.66
"CHEMBL1421172","CCCCN1C(=O)C(=CC=Cc2ccco2)C(=O)NC1=S",-7.2,-6.38
"CHEMBL1408747","O=C(O)c1ccc(-n2cccc2C=C2SC(=O)N(CC(=O)N3CCCC3)C2=O)cc1",-10.263,-7.63
"CHEMBL1729254","COc1cc(CCc2ccccc2)c(C(=O)O)c(O)c1CC=C(C)CCC=C(C)C",-8.166,-6.96
"CHEMBL1423709","Cn1cccc1C=C1C(=O)NC(=S)N(Cc2ccc(F)cc2)C1=O",-7.736,-7.24
"CHEMBL1533230","CC(C)(CS(=O)(=O)[O-])NC(=O)CC[N+](C)(C)CCO",-6.109,-6.04
"CHEMBL1373095","O=C(Nc1cccc(S(=O)(=O)N=C2CCCN2)c1)c1cc(-c2ccco2)nc2ccccc12",-10.093,-8.39
"CHEMBL555257","O=C(O)C1CC(SCC2OC(n3cnc4c(=NCCc5ccc(-c6ccccc6)cc5)[nH]cnc43)C(O)C2O)CN1",-10.675,-9.38
"CHEMBL1358848","O=C(c1ccc(=O)oc1)N1CCOCC1",-6.869,-4.14
"CHEMBL1501577","COC(=O)c1ccccc1NC(=O)CCS(=O)(=O)c1ccc(Br)cc1",-8.088,-7.28
"CHEMBL1510676","Cc1ccc(C2C(C=C3SC(=S)NC3=O)=C(c3cccs3)Oc3ccccc32)cc1",-8.819,-6.88
"CHEMBL1444349","O=C1NC(=S)N=C1Cc1cc2c(cc1[N+](=O)[O-])OCO2",-7.508,-7.48
"CHEMBL1315784","O=S(=O)(c1cc(O)ccc1O)c1cccc2c(S(=O)(=O)c3cc(O)ccc3O)cccc12",-9.373,-8.31
"CHEMBL1561729","O=C(O)c1ccc(-n2cccc2CC2=NC(=O)N(c3ccccc3)C2=O)cc1",-9.667,-6.51
"CHEMBL1981657","N=C(NN=Cc1ccc(-c2ccc(O)c(C(=O)O)c2)o1)N[N+](=O)[O-]",-9.366,-9.69
"CHEMBL3414630","CCN(CC)CCNC(=O)c1ccc(NCCCCCCCCCCCCN2C(=O)c3ccccc3C2=O)cc1",-7.384,-8.05
"CHEMBL551578","COC(=O)C1CC(SCC2OC(n3cnc4c(=N)[nH]cnc43)C(O)C2O)CN1",-8.1,-8.62
"CHEMBL1429479","Cc1ccc(N2C(=O)NC(=O)C(=Cc3ccoc3)C2=O)cc1",-8.712,-5.56
"CHEMBL3126645","Cc1cc(=Nc2ccc(NC(=O)c3cccc(N=c4cc[nH]c5ccccc45)c3)cc2)[nH]c(=N)[nH]1",-10.802,-9.02
"CHEMBL1303651","O=C(O)C(c1ccccc1)N1C(=O)C(=Cc2ccc(-c3ccc(Br)cc3)o2)SC1=S",-8.514,-7.08
"CHEMBL1445488","CCOC(=O)c1sc2nc3c(SCC(=O)O)cc(C(=O)c4ccccc4O)cn3c(=O)c2c1C",-8.798,-7.94
"CHEMBL1485960","CCOc1cccc(N2C(=O)C(=Cc3ccco3)C(=O)NC2=S)c1",-7.595,-6.73
"CHEMBL1558192","O=C(O)C(c1ccccc1)N1C(=O)C(=Cc2ccc(-c3ccccc3Cl)o2)SC1=S",-8.672,-7.57
"CHEMBL1972915","Cc1nn(-c2ccccc2)c(Cl)c1C=NNc1ccc(S(=O)(=O)Nc2ccccc2C(=O)O)cc1[N+](=O)[O-]",-9.633,-8.24
"CHEMBL1482590","C=C(C)C(=O)Nc1cccc(C2=NOC3(C2)CC(C(N)=O)N(C(=O)CC)C3)c1",-8.745,-7.78
"CHEMBL1433062","COc1ccc(OC)c(-n2c(O)c3onc(-c4ccccc4Cl)c3c2O)c1",-9.054,-7.21
"CHEMBL1456035","O=C(O)C1Nc2c(Cl)cc(Cl)c(Cl)c2C2C=CCC12",-7.652,-5.58
"CHEMBL4167925","COc1cc2c(=NC3CCN(C)CC3)cc(C3CCOCC3)[nH]c2cc1OCCCN1CCCC1",-9.432,-8.87
"CHEMBL1412087","CCOc1cc(C=C2C(=O)N(c3nc(-c4ccc(Br)cc4)cs3)N=C2c2ccccc2)ccc1O",-10.332,-9.38
"CHEMBL2007178","O=C(O)c1ccc(-n2cccc2C=NNC(=O)c2cc3cc(Br)ccc3o2)cc1",-9.005,-7.13
"CHEMBL1397359","COc1ccc(C(=O)OCC(=O)N=c2[nH]cc([N+](=O)[O-])s2)cc1OC",-8.08,-8.35
"CHEMBL2005181","Cc1cc(C)c2nc3sc(=Cc4ccc(-c5ccccc5C(=O)O)o4)c(=O)n3c2c1",-9.322,-6.38
"CHEMBL1439640","COc1ccc(Cc2n[nH]c(=NC(=O)Cc3cccs3)s2)cc1",-7.702,-8.15
"CHEMBL551167","COC(=O)C1CC(SCC2OC(n3cnc4c(=N)[nH]cnc43)C(O)C2O)CN1C",-8.095,-8.64
"CHEMBL1377441","O=C(O)c1ccc(-c2ccc(CC3=NC(=O)N(Cc4ccc(Cl)cc4)C3=O)o2)cc1Cl",-10.082,-7.21
"CHEMBL1430983","COc1cc(C=C2SC(=O)N(Cc3ccc(Cl)cc3)C2=O)cc([N+](=O)[O-])c1O",-9.542,-8.09
"CHEMBL1967046","c1coc(-c2ccc3nncn3c2)c1",-7.385,-5.05
"CHEMBL1346055","O=C(O)c1ccc(-n2cccc2CC2=NC(=O)N(c3cccc(Cl)c3)C2=O)cc1",-10.918,-7.11
"CHEMBL1985987","CC(=NNC(=O)c1cc(O)cc(O)c1)c1ccc(NC(=O)Cc2ccccc2)cc1",-9.066,-7.88
"CHEMBL1566530","O=C(O)CN1C(=O)C(=Cc2cc(Br)ccc2OCc2ccccc2Cl)SC1=S",-9.15,-8.29
"CHEMBL1313324","O=C(O)CCN1C(=O)C(=Cc2ccc(-c3nc4ccccc4s3)o2)SC1=S",-9.057,-7.96
"CHEMBL564052","N=c1[nH]cnc2c1ncn2C1OC(CSC2CCNC2)C(O)C1O",-8.359,-9.01
"CHEMBL1706577","O=C(NN=Cc1cccc(F)c1)c1cc(-c2ccco2)nc2ccccc12",-9.597,-7.66
"CHEMBL1411344","O=C1NC(=S)NC(=O)C1=Cc1cccn1-c1ccc(O)cc1",-7.726,-7.12
"CHEMBL1863716","Cc1ccc(-c2nn(-c3ccccc3)cc2C=C2SC(=S)N(CCS(=O)(=O)O)C2=O)cc1",-10.004,-8.04
"CHEMBL1702473","COC1C(=N)C(=O)c2nc(C)ccc2C1=O",-6.708,-5.16
"CHEMBL1536256","COc1ccc(-c2nn(-c3ccccc3)cc2C=C2SC(=S)N(CCC(=O)O)C2=O)cc1",-9.486,-8.02
"CHEMBL560768","OC1C(CSC2CCNC2)OC(n2cnc3c(=NCCc4ccc(-c5ccccc5)cc4)[nH]c(Cl)nc32)C1O",-9.921,-9.74
"CHEMBL1368108","C=C(C)C(=O)Nc1cccc(C2=NOC3(C2)CC(C(N)=O)N(C(=O)C(=C)C)C3)c1",-8.738,-7.52
"CHEMBL1606403","C=CCOC(=O)c1cc(-c2ccc(C=c3c(=O)[nH]c(O)c(C#N)c3=C)o2)ccc1Cl",-9.83,-7.74
"CHEMBL1310120","CC1=CC(=Cc2ccc(Br)o2)C(=O)O1",-6.63,-4.48
"CHEMBL1523953","Cc1ccc(S(=O)(=O)N2C(c3ccc(C(C)C)cc3)C=CC(C(=O)O)C2c2ccc(C(C)(C)C)cc2)cc1",-6.528,-4.45
"CHEMBL1566980","O=C(CSc1nc(=O)c2ccccc2[nH]1)N=c1[nH]c(-c2ccc(Br)cc2)cs1",-9.167,-8.81
"CHEMBL1322547","CC=CC=CC(=O)C1C(=O)C2(C)C(=O)C(C)(O)C1C(C1(C)OC(=O)C(C)C1=O)C2C(=O)C=CC=CC",-7.73,-6.2
"CHEMBL1440076","O=C(C=Cc1ccc(Br)cc1)NC(=S)Nc1ccc(S(=O)(=O)N=c2[nH]ccs2)cc1",-9.001,-7.89
"CHEMBL1389315","O=S(=O)(Nc1c(S(=O)(=O)c2ccccc2)c2nc3ccccc3nc2n1C1CCCCC1)c1ccccc1",-10.208,-7.13
"CHEMBL1520133","CN(c1ccccc1)c1ccc(C=C(CCC(=O)O)c2nc3ccccc3s2)cc1[N+](=O)[O-]",-8.978,-7.73
"CHEMBL1320181","CCOc1cc(C=C(C#N)C(=O)Nc2cccc(C(=O)O)c2)ccc1OCc1ccc(Br)cc1",-8.895,-7.59
"CHEMBL555352","NC(CCSCC1OC(n2cnc3c(=NCCc4ccc(-c5ccccc5)cc4)[nH]cnc32)C(O)C1O)C(=O)O",-9.904,-9.01
"CHEMBL599013","O=C(O)c1ccccc1C=NNC(=O)c1cc(-c2ccco2)nc2ccccc12",-9.436,-7.38
"CHEMBL1978925","O=C(NN=Cc1ccc(OC(=O)c2ccccc2Cl)cc1)c1cc(O)cc(O)c1",-8.846,-7.85
"CHEMBL1490134","C=CCOc1ccc(C=NNc2ccc(S(=O)(=O)Nc3ccccc3C(=O)O)cc2[N+](=O)[O-])cc1OC",-8.527,-8.08
"CHEMBL1529471","CC(C(=O)Nc1ccc(O)c(C(=O)O)c1)N1C(=O)C(=Cc2ccco2)SC1=S",-9.425,-7.66
"CHEMBL4863394","COc1cc2[nH]c(-c3ccc(C)o3)cc(=NCc3ccc(C(O)=NO)cc3)c2cc1OC",-10.033,-8.89
"CHEMBL1509377","C=C(C)C(=O)Nc1cccc(C2=NOC3(C2)CC(C(N)=O)N(C(=O)COc2ccc(Cl)cc2)C3)c1",-9.306,-7.99
"CHEMBL1414679","CC1=C(C(=O)OC(C)C)C(c2ccc(Cl)cc2)n2c(sc(=Cc3ccc(OCC(=O)O)cc3)c2=O)=N1",-9.23,-7.23
"CHEMBL224857","O=C(O)CCCCCN1C(=O)C(=Cc2cn(-c3ccccc3)nc2-c2cccs2)SC1=S",-9.19,-8.34
"CHEMBL1704267","O=C(NN=Cc1ccc(F)cc1)c1cc(-c2ccco2)nc2ccccc12",-9.471,-7.26
"CHEMBL1440277","CC(C)COc1ccc(-c2nn(-c3ccccc3)cc2C=C2SC(=S)N(CC(=O)O)C2=O)cc1",-9.63,-8.23
"CHEMBL1333249","Cn1c(N)c(C(=O)COC(=O)c2cc(-c3ccco3)nc3ccccc23)c(=O)n(C)c1=O",-10.536,-9.07
"CHEMBL1381264","CCS(=O)(=O)C1=NN2C(=N)C(=Cc3ccc(SCc4ccco4)o3)C(=O)N=C2S1",-8.572,-8.45
"CHEMBL1485277","CCOc1ccc(C=NNc2ccc(S(=O)(=O)Nc3ccccc3C(=O)O)cc2[N+](=O)[O-])cc1",-8.152,-7.53
"CHEMBL1435948","COc1ccc(S(=O)(=O)N2CCN(C(=O)C3COc4ccccc4O3)CC2)cc1",-9.472,-6.18
"CHEMBL1568915","CC(=CCCC(C)C1CCC2(C)C3=C(CCC12C)C1(C)CCC(=O)C(C)(C)C1CC3)C(=O)O",-8.928,-5.85
"CHEMBL1340117","C=C(C)C(=O)Nc1cccc(C2=NOC3(C2)CC(C(N)=O)N(C(=O)C=CCC)C3)c1",-9.233,-7.3
"CHEMBL1421559","Cc1oc2c(c1C(=O)c1ccc(Cl)cc1)C(=O)C(=O)c1ccccc1-2",-9.416,-6.13
"CHEMBL1975589","COC(=O)CC1OCC=C2CN3CCC45C(=Nc6c4cc(O)c(O)c6[N+](=O)[O-])C1C2CC35",-8.142,-6.54
"CHEMBL212414","Cc1ccc(NC(=O)CN2C(=O)N=C(Cc3cccn3-c3cccc(C(=O)O)c3)C2=O)cc1",-10.086,-9.15
"CHEMBL560045","Cc1nc(=N)c2ncn(C3OC(CSCCC(N)C(=O)O)C(O)C3O)c2[nH]1",-8.112,-8.97
"CHEMBL1551448","COc1ccc(NC(=O)CN(C)C(=O)c2cc(-c3ccco3)nc3ccccc23)cc1",-9.165,-8.19
"CHEMBL1317569","CC(=O)c1cccc(OCC(=O)N(C)CC(=O)NCc2ccco2)c1",-7.874,-7.05
"CHEMBL1369492","CCc1n[nH]c(=NS(=O)(=O)c2ccc(NC(=S)NC(=O)C=Cc3ccc(C(C)C)cc3)cc2)s1",-9.214,-7.71
"CHEMBL1346592","Cc1ccccc1NC(=O)CN1C(=O)N=C(Cc2cccn2-c2cccc(C(=O)O)c2)C1=O",-9.829,-8.47
"CHEMBL1395998","CN(C)C(CNC(=O)c1cc(-c2ccco2)nc2ccccc12)c1ccccc1",-9.746,-8.41
"CHEMBL1437464","CCOC(=O)C1CCCN(C(=O)c2cc(-c3ccco3)nc3ccccc23)C1",-8.199,-6.13
"CHEMBL1391256","O=C1CCCC2=c3c(ccc4ccccc34)=NC(c3ccco3)C12",-8.868,-5.39
"CHEMBL552763","NC(CCSCC1OC(n2cnc3c(=NCCc4ccc(-c5ccccc5)cc4)[nH]c(Cl)nc32)C(O)C1O)C(=O)O",-9.938,-9.83
"CHEMBL1503050","O=C(O)Cc1c[nH]c2cccc(O)c12",-6.768,-4.97
"CHEMBL104663","N=C(N)NCCCS(=O)(=O)Nc1ccc(N=c2c3ccccc3[nH]c3cc([N+](=O)[O-])ccc23)cc1",-9.423,-9.65
"CHEMBL1443718","CCOC(=O)C(C)N1C(=O)SC(=Cc2ccc(-c3ccccc3C(=O)O)o2)C1=O",-8.651,-6.75
"CHEMBL1967028","CCc1ccc(C(C)=NNC(=O)C=NC(=O)CCc2ccco2)cc1",-8.096,-6.88
"CHEMBL1571682","CCN(CC)CCC(=O)Nc1cccc2c1C(=O)c1ccccc1C2=O",-8.346,-7.26
"CHEMBL1560128","CCOC(=O)c1cc(-c2ccc(N3CCOCC3)cc2)nn1-c1ccccc1C(=O)O",-8.417,-6.75
"CHEMBL1587837","COc1ccc(NS(=O)(=O)c2ccc(O)c(NC(=O)c3cc4c(C)nn(-c5ccc(F)cc5)c4s3)c2)cc1",-9.917,-8.44
"CHEMBL1361703","COc1ccccc1CNC(=O)COC(=O)c1cc(-c2ccco2)nc2ccccc12",-9.621,-8.08
"CHEMBL1347385","O=C1NN(c2ccccc2)C(=O)C1=Cc1ccc(Sc2cccc3ccccc23)o1",-9.844,-7.04
"CHEMBL1713628","Nc1ccc(S(=O)(=O)N=c2[nH]ccs2)cc1N=Nc1ccccc1[N+](=O)[O-]",-8.645,-8.31
"CHEMBL1964442","O=C(NN=Cc1ccoc1)c1cc(O)cc(O)c1",-7.602,-6.98
"CHEMBL4862662","COc1cc2[nH]c(-c3ccc(C)o3)cc(=NC3CCN(c4ncc(C(O)=NO)cn4)CC3)c2cc1OC",-9.385,-9.79
"CHEMBL617","CC(=O)OC=C1CSC2C(NC(=O)Cc3cccs3)C(=O)N2C1C(=O)O",-7.985,-7.19
"CHEMBL1902527","ClN=C1C=CC=CC1=NCl",-5.57,-4.48
"CHEMBL1315592","COC(=O)C1CCN(C(=O)c2cc(-c3ccco3)nc3ccccc23)CC1",-8.684,-6.03
"CHEMBL1509648","Cc1ccc(C=CC(=O)Nc2ccc([N+](=O)[O-])c(NC(=O)C=Cc3ccc(C)o3)c2)o1",-8.33,-7.27
"CHEMBL560105","NC(CCSCC1OC(n2cnc3c(=NCCCc4ccccc4)[nH]cnc32)C(O)C1O)C(=O)O",-8.314,-9.56
"CHEMBL1569215","O=C1NN(c2ccc(Cl)cc2)C(=O)C1=Cc1ccc(-c2cccc(C(=O)O)c2)o1",-9.99,-5.87
"CHEMBL1434750","O=C(O)CN1C(=O)C(=Cc2cc(Br)ccc2OCc2ccc(Cl)cc2)SC1=S",-9.398,-7.66
"CHEMBL1438370","Cc1c2cnn(CC(=O)Nc3c(F)c(F)cc(F)c3F)c(=O)c2c(C)n1Cc1ccccc1F",-10.677,-8
"CHEMBL1320799","NS(=O)(=O)c1ccc(N=Nc2ccc(=O)[nH]c2O)cc1",-8.433,-7.43
"CHEMBL1209491","COc1cc2cc(Oc3ccc4ccc(=O)oc4c3)c(=O)oc2cc1OC1OC(CO)C(O)C(O)C1O",-10.537,-8.57
"CHEMBL1308055","Cc1ccc(-n2cccc2C=C2C(=N)N3C(=NC2=O)SN=C3S(C)(=O)=O)cc1Cl",-8.32,-8.71
"CHEMBL1461389","Cc1ccccc1NC(=O)CSc1ccsc1[N+](=O)[O-]",-7.804,-8.1
"CHEMBL552246","N=c1[nH]cnc2c1nnn2C1OC(CSCCC(N)C(=O)O)C(O)C1O",-8.853,-8.48
"CHEMBL1312212","COc1cccc(NS(=O)(=O)c2ccc3c(c2)C2C=CCC2C(c2ccc(C(=O)O)cc2)N3)c1",-10.043,-5.69
"CHEMBL550440","N=c1[nH]cnc2c1ncn2C1OC(CSC2CCNC(C(=O)O)C2)C(O)C1O",-9.02,-8.94
"CHEMBL1893341","COC(=O)c1ccc(C(=O)OC)c(NC(=O)Cc2cccs2)c1",-7.351,-6.91
"CHEMBL1348946","N#Cc1c(SCC(=O)N=c2[nH]c3ccc(Br)cc3s2)sc2c(=O)cc(O)[nH]c12",-9.291,-9.89
"CHEMBL1424189","CCOC(=O)C1=C(C)N=c2sc(=Cc3ccc(OCC(=O)O)cc3)c(=O)n2C1c1ccc(Cl)cc1",-8.929,-7.07
"CHEMBL1548829","COC(=O)C(C(C)=O)=C(C=CC=CC=CN(C)C)N(C)C",-6.107,-5.99
"CHEMBL1715550","COc1cc(C=CC=C2CCC(=CC=Cc3ccc(O)c(OC)c3)C2=O)ccc1O",-8.362,-6.18
"CHEMBL1408320","CC(C)N1C(=O)C(=CC=Cc2ccco2)C(=O)N(Cc2ccco2)C1=O",-7.776,-5.75
"CHEMBL4854659","COc1cc2[nH]c(-c3ccc(C)o3)cc(=NCC3CCN(c4ccc(C(O)=NO)cn4)CC3)c2cc1OC",-9.776,-8.98
"CHEMBL1571625","C=c1[nH]n(-c2ccccc2)c(=O)c1=Cc1[nH]c(=S)[nH]c1O",-7.83,-6.57
"CHEMBL1897695","CCCCCCCCC(=O)c1c(OC)oc(C=O)cc1=O",-6.231,-6.06
"CHEMBL1983083","O=C(COc1ccc(C=NNC(=O)c2ccc(O)cc2)cc1)Nc1ccc([N+](=O)[O-])cc1",-8.793,-7.49
"CHEMBL1423186","O=C(CSc1nc(=O)cc(O)[nH]1)Nc1ccccc1[N+](=O)[O-]",-8.659,-9.14
"CHEMBL1707222","COC1=C(Br)C(=O)c2nc(C)ccc2C1=O",-6.391,-4.87
"CHEMBL1371301","CCN(CC)c1ccc(NC(=O)CCS(=O)(=O)c2ccc(Br)cc2)c(C)c1",-7.817,-6.7
"CHEMBL1341590","CC(=O)OC=C1CSC2C(NC(=O)c3ccc(COc4cccc(Cl)c4Cl)o3)C(=O)N2C1C(=O)O",-8.915,-7.71
"CHEMBL1558195","CCOc1ccc(NC(=O)c2cccc(-n3cccc3)c2)cc1S(=O)(=O)N1CCOCC1",-8.785,-8.81
"CHEMBL1522300","COc1ccc(N2Cc3cccc(C(=O)N4CCN(C(=O)c5ccco5)CC4)c3C2=O)cc1",-9.827,-7.01
"CHEMBL1480378","Cc1cc[nH]c(=NS(=O)(=O)c2ccc(NC(=O)Cc3cccs3)cc2)n1",-8.543,-7.46
"CHEMBL1521144","O=C(CSc1nc(=O)c2cnn(-c3ccccc3)c2[nH]1)c1ccc(Cl)cc1",-9.434,-8.33
"CHEMBL256098","Cc1ccc(NC(=O)CN2C(=O)SC(=Cc3cccn3-c3cccc(C(=O)O)c3)C2=O)c(C)c1",-9.814,-8.04
"CHEMBL1181670","c1ccc2c(c1)C1=NCCN1c1ccccc1-2",-7.897,-5.3
"CHEMBL1434555","Cc1ccc(NC(=O)CN(C)C(=O)c2cccc(-n3cccc3)c2)cc1",-9.652,-7.58
"CHEMBL1464373","O=C(COC(=O)c1ccc(NS(=O)(=O)c2cccs2)cc1)NCc1ccco1",-8.319,-7.36
"CHEMBL1612983","C=c1c(=Cc2c(O)[nH]c(=O)n(-c3ccc(Cl)cc3)c2=O)cc(C)n1-c1sc2c(c1C#N)CCCC2",-8.448,-6.26
"CHEMBL1605668","COc1ccc(C(=O)C=Cc2ccc(-c3ccccc3)cc2)cc1CSCC(=O)O",-9.141,-6.49
"CHEMBL1904582","NC(CSC(c1ccccc1)(c1ccccc1)c1ccc(-c2ccccc2)cc1)C(=O)O",-9.359,-5.86
"CHEMBL1529285","O=C(O)c1ccc(NS(=O)(=O)c2ccc3c(c2)C2C=CCC2C(c2ccccc2F)N3)cc1",-10.468,-6.19
"CHEMBL1533351","C=c1c(=Cc2c(O)[nH]c(=S)[nH]c2=O)cc(C)n1-c1sc2c(c1C(=O)OCC)CCCC2",-8.332,-7.75
"CHEMBL1514259","COc1cc(C=C(CCC(=O)O)c2nc3ccccc3s2)ccc1OCC(=O)Nc1c(Cl)cccc1Cl",-9.138,-8.13
