"LogD","IDNUMBER","logD","Name","ID","NEW_SMILES","AMW","SMILES_H"
1.73,"8009-1532",0.67,"2,7-diamino-4-(4-fluorophenyl)-4H-chromene-3-carbonitrile",,"N#CC1C(=N)Oc2cc(N)ccc2C1c1ccc(F)cc1",281.28999999999996,"[H]N=C1Oc2c([H])c(N([H])[H])c([H])c([H])c2C([H])(c2c([H])c([H])c(F)c([H])c2[H])C1([H])C#N"
2.468,"Y200-4401",1.87,"5-chloro-N-(5-methyl-1,2-oxazol-3-yl)thiophene-2-carboxamide",,"Cc1cc(=NC(=O)c2ccc(Cl)s2)[nH]o1",242.687,"[H]c1c(Cl)sc(C(=O)N=c2c([H])c(C([H])([H])[H])on2[H])c1[H]"
-0.457,"8008-9171",-1.2,"1-(2-bromo-2-carboxyethyl)pyridin-1-ium",,"O=C(O)C(Br)C[n+]1ccccc1",231.06900000000002,"[H]OC(=O)C([H])(Br)C([H])([H])[n+]1c([H])c([H])c([H])c([H])c1[H]"
1.637,"8020-3067",1.48,"3-(1-hydroxyethyl)-2-methyl-1-benzofuran-5,6-dicarbonitrile",,"Cc1oc2cc(C#N)c(C#N)cc2c1C(C)O",226.23499999999999,"[H]OC([H])(c1c(C([H])([H])[H])oc2c([H])c(C#N)c(C#N)c([H])c12)C([H])([H])[H]"
0.286,"8018-1604",-0.94,"methyl 5-bromo-2,6-dioxo-1,2,3,6-tetrahydro-4-pyrimidinecarboxylate",,"COC(=O)c1[nH]c(=O)[nH]c(=O)c1Br",249.01999999999998,"[H]n1c(C(=O)OC([H])([H])[H])c(Br)c(=O)n([H])c1=O"
2.496,"8009-3726",2.17592,"6-bromoquinolin-8-amine",,"Nc1cc(Br)cc2cccnc12",223.07300000000004,"[H]c1nc2c(N([H])[H])c([H])c(Br)c([H])c2c([H])c1[H]"
1.018,"8006-5688",-1.02995,"2-(4-fluorophenoxy)ethan-1-amine",,"NCCOc1ccc(F)cc1",155.17199999999997,"[H]c1c([H])c(OC([H])([H])C([H])([H])N([H])[H])c([H])c([H])c1F"
2.371,"8010-5814",1.71,"2-(1,3-dioxo-2,3-dihydro-1H-inden-2-ylidene)-2-[(4-methylphenyl)amino]acetonitrile",,"Cc1ccc(N=C(C#N)C2C(=O)c3ccccc3C2=O)cc1",288.30600000000004,"[H]c1c([H])c([H])c2c(c1[H])C(=O)C([H])(C(C#N)=Nc1c([H])c([H])c(C([H])([H])[H])c([H])c1[H])C2=O"
-0.411,"0278-0058",-0.909,"5,6-dimethyl-2,3-dihydro-1lambda~6~,4lambda~6~-dithiine-1,1,4,4-tetraone",,"CC1=C(C)S(=O)(=O)CCS1(=O)=O",210.27599999999995,"[H]C([H])([H])C1=C(C([H])([H])[H])S(=O)(=O)C([H])([H])C([H])([H])S1(=O)=O"
0.223,"K906-2563",-3.4,"3-ethoxy-4-(pyrrolidin-1-yl)cyclobut-3-ene-1,2-dione",,"CCOc1c(N2CCCC2)c(=O)c1=O",195.218,"[H]C([H])([H])C([H])([H])Oc1c(N2C([H])([H])C([H])([H])C([H])([H])C2([H])[H])c(=O)c1=O"
1.824,"P207-8798",-0.0564,"1-(4-fluorobenzoyl)-2,3-dihydro-1H-indole-6-carboxylic acid",,"O=C(O)c1ccc2c(c1)N(C(=O)c1ccc(F)cc1)CC2",285.27400000000006,"[H]OC(=O)c1c([H])c([H])c2c(c1[H])N(C(=O)c1c([H])c([H])c(F)c([H])c1[H])C([H])([H])C2([H])[H]"
0.353,"6007-0023",7.4,"1-(BUTAN-2-YL)-3-METHYL-OCTAHYDRO-[1,3]DIAZOLO[4,5-D]IMIDAZOLE-2,5-DIONE",,"CCC(C)N1C(=O)N(C)C2NC(=O)NC21",212.25300000000001,"[H]N1C(=O)N([H])C2([H])N(C([H])(C([H])([H])[H])C([H])([H])C([H])([H])[H])C(=O)N(C([H])([H])[H])C12[H]"
0.942,"4615-0220",1.73,"3-bromo-1H-1-benzothiophene-1,1-dione",,"O=S1(=O)C=C(Br)c2ccccc21",245.09699999999998,"[H]C1=C(Br)c2c([H])c([H])c([H])c([H])c2S1(=O)=O"
0.814,"D182-0202",-0.48,"3-(pyrimidin-5-yl)prop-2-yn-1-ol",,"OCC#Cc1cncnc1",134.138,"[H]OC([H])([H])C#Cc1c([H])nc([H])nc1[H]"
1.24,"R344-0002",0.75,"4-tert-butyl-6-(methoxymethyl)pyrimidin-2-amine",,"COCc1cc(C(C)(C)C)[nH]c(=N)n1",195.26600000000002,"[H]N=c1nc(C([H])([H])OC([H])([H])[H])c([H])c(C(C([H])([H])[H])(C([H])([H])[H])C([H])([H])[H])n1[H]"
0.213,"K783-4290",-3.49,"7-chloro-4-methyl-2-oxo-2H,3H,4H-pyrido[1,2-a]pyrimidine-4-carboxylic acid",,"CC1(C(=O)O)CC(=O)N=C2C=CC(Cl)=CN21",240.64600000000002,"[H]OC(=O)C1(C([H])([H])[H])N2C(=NC(=O)C1([H])[H])C([H])=C([H])C(Cl)=C2[H]"
2.326,"0083-0069",2.18,"4-[(4-aminophenyl)sulfanyl]aniline",,"Nc1ccc(Sc2ccc(N)cc2)cc1",216.30900000000003,"[H]c1c([H])c(N([H])[H])c([H])c([H])c1Sc1c([H])c([H])c(N([H])[H])c([H])c1[H]"
2.103,"5437-0095",1.93,"methyl 3-hydroxy-3-(trifluoromethyl)-2H,3H,3aH,4H,5H,6H,7H,8H-cyclohepta[c]pyrazole-2-carboxylate",,"COC(=O)N1N=C2CCCCCC2C1(O)C(F)(F)F",280.246,"[H]OC1(C(F)(F)F)N(C(=O)OC([H])([H])[H])N=C2C([H])([H])C([H])([H])C([H])([H])C([H])([H])C([H])([H])C21[H]"
1.382,"6623-0286",3.16,"methyl 2-[(2Z)-1,2-dihydropyridin-2-ylidene]-3,6-dimethyl-2H-pyran-5-carboxylate",,"COC(=O)C1=C(C)OC(c2ccccn2)C(C)=C1",245.27800000000002,"[H]C1=C(C([H])([H])[H])C([H])(c2nc([H])c([H])c([H])c2[H])OC(C([H])([H])[H])=C1C(=O)OC([H])([H])[H]"
0.283,"4912-0305",-0.96,"ethyl N-(4-chloro-1,1-dioxotetrahydro-1H-1lambda~6~-thiophen-3-yl)carbamate",,"CCOC(=O)NC1CS(=O)(=O)CC1Cl",241.69599999999997,"[H]N(C(=O)OC([H])([H])C([H])([H])[H])C1([H])C([H])(Cl)C([H])([H])S(=O)(=O)C1([H])[H]"
2.12,"1572-0022",0.26,"1,3-dimethyl-3,4-dihydroisoquinoline",,"CC1=NC(C)Cc2ccccc21",159.232,"[H]c1c([H])c([H])c2c(c1[H])C(C([H])([H])[H])=NC([H])(C([H])([H])[H])C2([H])[H]"
-0.228,"8006-1105",-0.91388,"1,5-dimethylpiperidin-3-ol",,"CC1CC(O)CN(C)C1",129.203,"[H]OC1([H])C([H])([H])N(C([H])([H])[H])C([H])([H])C([H])(C([H])([H])[H])C1([H])[H]"
1.106,"K786-1584",3.25,"2-methyl-3-oxo-N-(prop-2-en-1-yl)-1,2,3,4-tetrahydroquinoxaline-6-carboxamide",,"C=CCNC(O)c1ccc2nc(C)c(=O)[nH]c2c1",245.28199999999995,"[H]OC([H])(c1c([H])c([H])c2nc(C([H])([H])[H])c(=O)n([H])c2c1[H])N([H])C([H])([H])C([H])=C([H])[H]"
2.985,"4476-2965",7.4,"4-PHENYL-6-(TRIFLUOROMETHYL)-2(1H)-PYRIMIDINONE",,"O=c1nc(-c2ccccc2)cc(C(F)(F)F)[nH]1",240.18399999999994,"[H]c1c([H])c([H])c(-c2nc(=O)n([H])c(C(F)(F)F)c2[H])c([H])c1[H]"
0.799,"8005-2133",-0.39,"5-(2-methoxybenzyl)-1H-1,2,3,4-tetraazole",,"COc1ccccc1Cc1nn[nH]n1",190.20600000000002,"[H]c1c([H])c([H])c(C([H])([H])c2nnn([H])n2)c(OC([H])([H])[H])c1[H]"
1.613,"R152-1685",-0.14,"[1-(4-fluorophenyl)ethyl](methyl)amine",,"CNC(C)c1ccc(F)cc1",153.2,"[H]c1c([H])c(C([H])(N([H])C([H])([H])[H])C([H])([H])[H])c([H])c([H])c1F"
2.634,"Z601-0268",1.928,"5-(3-methoxyphenyl)-N-methylfuran-2-carboxamide",,"CNC(=O)c1ccc(-c2cccc(OC)c2)o1",231.25099999999998,"[H]c1c(C(=O)N([H])C([H])([H])[H])oc(-c2c([H])c([H])c([H])c(OC([H])([H])[H])c2[H])c1[H]"
-1.053,"C607-0950",-1.69,"N-[(pyridin-3-yl)methyl]guanidine",,"N=C(N)NCc1cccnc1",150.18499999999997,"[H]N=C(N([H])[H])N([H])C([H])([H])c1c([H])nc([H])c([H])c1[H]"
-0.622,"Y021-2621",0.63,"3-(butylsulfinyl)-1H-1,2,4-triazol-5-amine",,"CCCC[S+]([O-])c1nc(=N)[nH][nH]1",188.25600000000003,"[H]N=c1nc([S+]([O-])C([H])([H])C([H])([H])C([H])([H])C([H])([H])[H])n([H])n1[H]"
2.818,"R091-0009",2.57,"1,5-dihydroxy-9,10-dihydroanthracene-9,10-dione",,"O=C1c2cccc(O)c2C(=O)c2cccc(O)c21",240.21399999999997,"[H]Oc1c([H])c([H])c([H])c2c1C(=O)c1c([H])c([H])c([H])c(O[H])c1C2=O"
1.959,"8003-7757",0.47,"2,3-dihydro-1H-cyclopenta[b]quinolin-9-amine",,"N=c1c2c([nH]c3ccccc13)CCC2",184.24199999999993,"[H]N=c1c2c(n([H])c3c([H])c([H])c([H])c([H])c13)C([H])([H])C([H])([H])C2([H])[H]"
2.623,"8006-1585",1.6,"(2Z)-3-amino-4,4,4-trifluoro-1-(2-hydroxyphenyl)but-2-en-1-one",,"N=C(CC(=O)c1ccccc1O)C(F)(F)F",231.17299999999994,"[H]N=C(C(F)(F)F)C([H])([H])C(=O)c1c([H])c([H])c([H])c([H])c1O[H]"
0.796,"8007-2347",-2.48,"2-(methoxyimino)-2-{2-[2-(1-methylethylidene)hydrazino]-1,3-thiazol-4-yl}acetic acid",,"CON=C(C(=O)O)c1csc(=NN=C(C)C)[nH]1",256.287,"[H]OC(=O)C(=NOC([H])([H])[H])c1c([H])sc(=NN=C(C([H])([H])[H])C([H])([H])[H])n1[H]"
0.971,"8008-5589",,"1,3-dihydro-2,1-benzoxaborol-1-ol",,"OB1OCc2ccccc21",133.94299999999998,"[H]OB1OC([H])([H])c2c([H])c([H])c([H])c([H])c21"
2.934,"8010-2257",1.88,"(2E)-2-(1H-1,3-benzodiazol-2-yl)-3-(pyridin-4-yl)prop-2-enenitrile",,"N#CC(=Cc1ccncc1)c1nc2ccccc2[nH]1",246.27300000000002,"[H]C(=C(C#N)c1nc2c([H])c([H])c([H])c([H])c2n1[H])c1c([H])c([H])nc([H])c1[H]"
1.375,"8010-6441",-0.0803,"2-[4-(methoxycarbonyl)phenyl]-1,3-thiazolidine-4-carboxylic acid",,"COC(O)c1ccc(-c2nc(C(O)O)cs2)cc1",267.306,"[H]OC([H])(O[H])c1nc(-c2c([H])c([H])c(C([H])(O[H])OC([H])([H])[H])c([H])c2[H])sc1[H]"
2.746,"8011-4498",-1.03,"3-(5-phenyl-1H-pyrrol-2-yl)propanoic acid",,"O=C(O)CCc1ccc(-c2ccccc2)[nH]1",215.25200000000004,"[H]OC(=O)C([H])([H])C([H])([H])c1c([H])c([H])c(-c2c([H])c([H])c([H])c([H])c2[H])n1[H]"
2.82,"8012-3231",2.09702,"5-phenyl-7-(trifluoromethyl)-2,3-dihydro-1H-1,4-diazepine",,"FC(F)(F)C1=NCCN=C(c2ccccc2)C1",240.228,"[H]c1c([H])c([H])c(C2=NC([H])([H])C([H])([H])N=C(C(F)(F)F)C2([H])[H])c([H])c1[H]"
-0.296,"C285-0132",-1.47,"pyridine-2,6-dicarboxamide",,"NC(=O)c1cccc(C(N)=O)n1",165.15199999999996,"[H]c1c(C(=O)N([H])[H])nc(C(=O)N([H])[H])c([H])c1[H]"
2.186,"M784-3147",1.595,"2-[(3-chlorophenyl)amino]pyridine-3-sulfonamide",,"NS(=O)(=O)c1ccc[nH]c1=Nc1cccc(Cl)c1",283.74,"[H]c1c([H])c(Cl)c([H])c(N=c2c(S(=O)(=O)N([H])[H])c([H])c([H])c([H])n2[H])c1[H]"
0.622,"Z606-4886",-0.122,"1-ethyl-4-(4-methyl-1,2,3-thiadiazole-5-carbonyl)piperazine",,"CCN1CCN(C(=O)c2snnc2C)CC1",240.33199999999997,"[H]C([H])([H])c1nnsc1C(=O)N1C([H])([H])C([H])([H])N(C([H])([H])C([H])([H])[H])C([H])([H])C1([H])[H]"
1.826,"R052-2789",-1.01,"3-phenylpiperidine",,"c1ccc(C2CCCNC2)cc1",161.248,"[H]c1c([H])c([H])c(C2([H])C([H])([H])N([H])C([H])([H])C([H])([H])C2([H])[H])c([H])c1[H]"
2.205,"Y042-2910",1.04,"ethyl 2-bromo-5-methyl-1H-imidazole-4-carboxylate",,"CCOC(=O)c1[nH]c(Br)nc1C",233.065,"[H]n1c(Br)nc(C([H])([H])[H])c1C(=O)OC([H])([H])C([H])([H])[H]"
0.758,"Y030-8497",0.88709,"2-ethoxy-N-(4-methyl-1,3-thiazol-2-yl)acetamide",,"CCOCC(=O)N=c1[nH]c(C)cs1",200.263,"[H]c1sc(=NC(=O)C([H])([H])OC([H])([H])C([H])([H])[H])n([H])c1C([H])([H])[H]"
2.931,"8011-8102",3.04566,"2-(3-methoxyphenyl)imidazo[1,2-a]pyridin-8-amine",,"COc1cccc(-c2cn3cccc(N)c3n2)c1",239.278,"[H]c1c([H])c(OC([H])([H])[H])c([H])c(-c2nc3c(N([H])[H])c([H])c([H])c([H])n3c2[H])c1[H]"
1.746,"P207-8885",-0.94,"2-(4-methylphenyl)-4-(pyridin-4-yl)pyrimidine-5-carboxylic acid",,"Cc1ccc(-c2ncc(C(=O)O)c(-c3ccncc3)n2)cc1",291.31,"[H]OC(=O)c1c([H])nc(-c2c([H])c([H])c(C([H])([H])[H])c([H])c2[H])nc1-c1c([H])c([H])nc([H])c1[H]"
2.477,"8009-3792",1.35,"4-amino-5-methyl-2-(propan-2-yl)phenol",,"Cc1cc(O)c(C(C)C)cc1N",165.236,"[H]Oc1c([H])c(C([H])([H])[H])c(N([H])[H])c([H])c1C([H])(C([H])([H])[H])C([H])([H])[H]"
1.693,"8010-6221",1.68,"2-methoxy-5-[(1E)-2-nitroethenyl]phenol",,"COc1ccc(C=C[N+](=O)[O-])cc1O",195.17399999999998,"[H]Oc1c([H])c(C([H])=C([H])[N+](=O)[O-])c([H])c([H])c1OC([H])([H])[H]"
2.71,"2332-0639",7.4,"N-(4-METHOXYPHENYL)-N-(3,4,5,6-TETRAHYDRO-2H-AZEPIN-7-YL)AMINE",,"COc1ccc(N=C2CCCCCN2)cc1",218.29999999999998,"[H]c1c([H])c(OC([H])([H])[H])c([H])c([H])c1N=C1N([H])C([H])([H])C([H])([H])C([H])([H])C([H])([H])C1([H])[H]"
0.891,"1469-0207",-1.65,"8-(pyridin-3-yl)-7,9-dioxa-1-thia-3-azaspiro[4.5]decane-2,4-dione",,"O=C1NC(=O)C2(COC(c3cccnc3)OC2)S1",266.27799999999996,"[H]c1nc([H])c(C2([H])OC([H])([H])C3(SC(=O)N([H])C3=O)C([H])([H])O2)c([H])c1[H]"
1.973,"4075-3525",-0.19,"3-(4-chlorophenyl)-4-methyl-2-sulfanylidene-2,3-dihydro-1,3-thiazole-5-carboxylic acid",,"Cc1c(C(=O)O)sc(=S)n1-c1ccc(Cl)cc1",285.77700000000004,"[H]OC(=O)c1sc(=S)n(-c2c([H])c([H])c(Cl)c([H])c2[H])c1C([H])([H])[H]"
2.88,"C800-1212",3.67,"methyl 3-amino-4-(benzylamino)benzoate",,"COC(=O)c1ccc(NCc2ccccc2)c(N)c1",256.305,"[H]c1c([H])c([H])c(C([H])([H])N([H])c2c([H])c([H])c(C(=O)OC([H])([H])[H])c([H])c2N([H])[H])c([H])c1[H]"
2.292,"8003-8524",2.77,"ethyl 2-[(E)-1-(3-chlorophenyl)methylidene]-1-hydrazinecarboxylate",,"CCOC(=O)NN=Cc1cccc(Cl)c1",226.663,"[H]C(=NN([H])C(=O)OC([H])([H])C([H])([H])[H])c1c([H])c([H])c([H])c(Cl)c1[H]"
1.15,"8004-4880",-2.27,"2-[(2-propynyloxy)carbonyl]benzoic acid",,"C#CCOC(=O)c1ccccc1C(=O)O",204.18099999999998,"[H]C#CC([H])([H])OC(=O)c1c([H])c([H])c([H])c([H])c1C(=O)O[H]"
0.691,"K780-0089",-0.95,"6-methyl-2,3,4,5-tetrahydropyridazin-3-one",,"CC1=NNC(=O)CC1",112.13199999999999,"[H]N1N=C(C([H])([H])[H])C([H])([H])C([H])([H])C1=O"
0.707,"Y031-8035",0.48,"N,N-bis(cyanomethyl)-3-nitrobenzamide",,"N#CCN(CC#N)C(=O)c1cccc([N+](=O)[O-])c1",244.21,"[H]c1c([H])c(C(=O)N(C([H])([H])C#N)C([H])([H])C#N)c([H])c([N+](=O)[O-])c1[H]"
0.131,"Y043-8371",-1.95,"(4R)-3-{[(2S)-5-oxotetrahydro-1H-pyrrol-2-yl]carbonyl}-1,3-thiazolane-4-carboxylic acid",,"O=C(O)C1CSCN1C(O)c1ccc(O)[nH]1",244.27200000000005,"[H]OC(=O)C1([H])N(C([H])(O[H])c2c([H])c([H])c(O[H])n2[H])C([H])([H])SC1([H])[H]"
2.521,"0083-0078",3.48,"7-chloro-5-methyl-3,4-dihydro-2H-1,4-benzothiazin-3-one",,"Cc1cc(Cl)cc2c1NC(=O)CS2",213.689,"[H]c1c(Cl)c([H])c(C([H])([H])[H])c2c1SC([H])([H])C(=O)N2[H]"
2.623,"0111-0011",2.23,"1,2,4,5-tetrafluoro-3,6-dimethoxybenzene",,"COc1c(F)c(F)c(OC)c(F)c1F",210.12599999999998,"[H]C([H])([H])Oc1c(F)c(F)c(OC([H])([H])[H])c(F)c1F"
0.295,"0149-0012",-1.08,"(3-methyl-1H-pyrazol-1-yl)methanol",,"Cc1ccn(CO)n1",112.132,"[H]OC([H])([H])n1nc(C([H])([H])[H])c([H])c1[H]"
2.646,"0422-0047",3.54,"2,5,7-trimethylquinolin-8-ol",,"Cc1ccc2c(C)cc(C)c(O)c2n1",187.242,"[H]Oc1c(C([H])([H])[H])c([H])c(C([H])([H])[H])c2c([H])c([H])c(C([H])([H])[H])nc12"
0.13,"0NES-0012",-0.34,"4-fluoro-6-(morpholin-4-yl)pyrimidin-2-amine",,"N=c1nc(F)cc(N2CCOCC2)[nH]1",198.20099999999996,"[H]N=c1nc(F)c([H])c(N2C([H])([H])C([H])([H])OC([H])([H])C2([H])[H])n1[H]"
2.285,"1683-6877",2.56,"N-(4-iodo-2-methylphenyl)acetamide",,"CC(=O)Nc1ccc(I)cc1C",275.089,"[H]c1c([H])c(N([H])C(=O)C([H])([H])[H])c(C([H])([H])[H])c([H])c1I"
0.517,"1714-0052",-0.61,"2-(methylsulfanyl)-4,5-dihydro-1H-imidazole",,"CSC1=NCCN1",116.18900000000001,"[H]N1C(SC([H])([H])[H])=NC([H])([H])C1([H])[H]"
2.885,"1778-2405",2.66,"N-cycloheptyl-2-methylpropanamide",,"CC(C)C(=O)NC1CCCCCC1",183.29499999999993,"[H]N(C(=O)C([H])(C([H])([H])[H])C([H])([H])[H])C1([H])C([H])([H])C([H])([H])C([H])([H])C([H])([H])C([H])([H])C1([H])[H]"
2.11,"3014-4906",2.98,"4-(3-fluorophenyl)-2-methyl-5-oxo-1,4,5,6,7,8-hexahydroquinoline-3-carbonitrile",,"CC1=C(C#N)C(c2cccc(F)c2)C2C(=O)CCCC2=N1",282.318,"[H]c1c([H])c(F)c([H])c(C2([H])C(C#N)=C(C([H])([H])[H])N=C3C([H])([H])C([H])([H])C([H])([H])C(=O)C32[H])c1[H]"
2.052,"3076-0194",0.73,"6-methyl-2-sulfanylidene-4-(trifluoromethyl)-1,2-dihydropyridine-3-carbonitrile",,"Cc1cc(C(F)(F)F)c(C#N)c(=S)[nH]1",218.20300000000003,"[H]c1c(C(F)(F)F)c(C#N)c(=S)n([H])c1C([H])([H])[H]"
2.987,"4282-0051",2.65,"3',6'-dihydro-2'H-spiro[cyclopentane-1,5'-pyrrolo[2,1-a]isoquinoline]-2',3'-dione",,"O=C1C=C2c3ccccc3CC3(CCCC3)N2C1=O",253.3009999999999,"[H]C1=C2c3c([H])c([H])c([H])c([H])c3C([H])([H])C3(N2C(=O)C1=O)C([H])([H])C([H])([H])C([H])([H])C3([H])[H]"
2.18,"5910-0228",2.79,"ethyl 3-methyl-4H-1,4-benzothiazine-2-carboxylate",,"CCOC(=O)C1Sc2ccccc2N=C1C",235.308,"[H]c1c([H])c([H])c2c(c1[H])N=C(C([H])([H])[H])C([H])(C(=O)OC([H])([H])C([H])([H])[H])S2"
2.872,"6228-0064",2.53,"4-methyl-2-(2-phenylpropyl)-1,3-dioxolane",,"CC1COC(CC(C)c2ccccc2)O1",206.285,"[H]c1c([H])c([H])c(C([H])(C([H])([H])[H])C([H])([H])C2([H])OC([H])([H])C([H])(C([H])([H])[H])O2)c([H])c1[H]"
2.462,"6891-0015",-0.14,"2,2,7,7-tetramethyl-1,2,3,6,7,8-hexahydrocinnolino[5,4,3-cde]cinnoline",,"CC1(C)Cc2nnc3c4c(nnc(c24)C1)CC(C)(C)C3",268.364,"[H]C([H])([H])C1(C([H])([H])[H])C([H])([H])c2nnc3c4c(nnc(c24)C1([H])[H])C([H])([H])C(C([H])([H])[H])(C([H])([H])[H])C3([H])[H]"
0.547,"8001-1181",-1.28107,"2-({3-cyano-5H,6H,7H-cyclopenta[b]pyridin-2-yl}sulfanyl)acetic acid",,"N#Cc1cc2c(nc1SCC(=O)O)CCC2",234.27999999999994,"[H]OC(=O)C([H])([H])Sc1nc2c(c([H])c1C#N)C([H])([H])C([H])([H])C2([H])[H]"
1.151,"8001-6145",-1.37,"2-(4-methyl-3-nitrophenyl)-1,3-thiazolidine-4-carboxylic acid",,"Cc1ccc(C2NC(C(=O)O)CS2)cc1[N+](=O)[O-]",268.294,"[H]OC(=O)C1([H])N([H])C([H])(c2c([H])c([H])c(C([H])([H])[H])c([N+](=O)[O-])c2[H])SC1([H])[H]"
2.011,"8005-2411",2.77,"(E)-1-(1H-indol-3-yl)-N-[3-(methylsulfanyl)-7H-[1,2,4]triazolo[4,3-b][1,2,4]triazol-7-yl]methanimine",,"CSc1nnc2n(N=Cc3c[nH]c4ccccc34)cnn12",297.3470000000001,"[H]C(=Nn1c([H])nn2c(SC([H])([H])[H])nnc12)c1c([H])n([H])c2c([H])c([H])c([H])c([H])c12"
1.468,"8005-9821",2.02,"3-(hydroxymethyl)-5-[(E)-1-(4-methoxyphenyl)ethylidene]-2-thioxo-1,3-thiazolan-4-one",,"C=C(c1ccc(OC)cc1)c1sc(=S)n(CO)c1O",295.385,"[H]Oc1c(C(=C([H])[H])c2c([H])c([H])c(OC([H])([H])[H])c([H])c2[H])sc(=S)n1C([H])([H])O[H]"
2.926,"8006-1035",2.98,"4-(4-cyanophenoxy)benzonitrile",,"N#Cc1ccc(Oc2ccc(C#N)cc2)cc1",220.231,"[H]c1c([H])c(Oc2c([H])c([H])c(C#N)c([H])c2[H])c([H])c([H])c1C#N"
-0.443,"8006-5657",-2.69413,"2,3-dimethylpiperidin-4-ol",,"CC1NCCC(O)C1C",129.20299999999997,"[H]OC1([H])C([H])([H])C([H])([H])N([H])C([H])(C([H])([H])[H])C1([H])C([H])([H])[H]"
0.703,"8006-5695",1.07,"3,5-dimethyl-1H-pyrazole",,"Cc1cc(C)[nH]n1",96.13300000000001,"[H]c1c(C([H])([H])[H])nn([H])c1C([H])([H])[H]"
2.983,"8006-6082",0.0756,"2-({(E)-1-[4-(dimethylamino)phenyl]methylidene}amino)benzoic acid",,"CN(C)c1ccc(C=Nc2ccccc2C(=O)O)cc1",268.316,"[H]OC(=O)c1c([H])c([H])c([H])c([H])c1N=C([H])c1c([H])c([H])c(N(C([H])([H])[H])C([H])([H])[H])c([H])c1[H]"
1.925,"8006-7266",2.11,"4,4,4-trichloro-3-hydroxy-1-phenyl-1-butanone",,"O=C(CC(O)C(Cl)(Cl)Cl)c1ccccc1",267.53900000000004,"[H]OC([H])(C(Cl)(Cl)Cl)C([H])([H])C(=O)c1c([H])c([H])c([H])c([H])c1[H]"
0.687,"8007-1167",0.79,"N'~1~-[(Z)-2-cyano-1-ethyl-1-propenyl]-N,N-dimethylethanimidamide",,"CC=C(N=C(C)N(C)C)C(C)C#N",179.267,"[H]C(=C(N=C(N(C([H])([H])[H])C([H])([H])[H])C([H])([H])[H])C([H])(C#N)C([H])([H])[H])C([H])([H])[H]"
2.568,"8007-2498",2.82,"3-(2-bromoanilino)-5,5-dimethyl-2-cyclohexen-1-one",,"CC1(C)CC(=O)CC(=Nc2ccccc2Br)C1",294.19200000000006,"[H]c1c([H])c([H])c(N=C2C([H])([H])C(=O)C([H])([H])C(C([H])([H])[H])(C([H])([H])[H])C2([H])[H])c(Br)c1[H]"
0.515,"8007-3209",-2.1,"N,N-bis(8-methyl-8-azabicyclo[3.2.1]oct-3-yl)amine",,"CN1C2CCC1CC(NC1CC3CCC(C1)N3C)C2",263.429,"[H]N(C1([H])C([H])([H])C2([H])N(C([H])([H])[H])C([H])(C([H])([H])C2([H])[H])C1([H])[H])C1([H])C([H])([H])C2([H])N(C([H])([H])[H])C([H])(C([H])([H])C2([H])[H])C1([H])[H]"
2.797,"8007-3252",-3.27,"tricyclo[7.1.0.0~4,6~]decane-5,10-dicarboxylic acid",,"O=C(O)C1C2CCC3C(CCC21)C3C(=O)O",224.25599999999997,"[H]OC(=O)C1([H])C2([H])C([H])([H])C([H])([H])C3([H])C([H])(C(=O)O[H])C3([H])C([H])([H])C([H])([H])C12[H]"
0.061,"8007-5344",1.45,"2,2-dichloro-N-(1-cyano-1-methylethyl)acetamide",,"CC(C)(C#N)NC(=O)C(Cl)Cl",195.049,"[H]N(C(=O)C([H])(Cl)Cl)C(C#N)(C([H])([H])[H])C([H])([H])[H]"
1.215,"8007-5494",,"[(6-aminonaphthalen-1-yl)oxy]dioxo-lambda4-sulfanuide",,"Nc1ccc2c(O[SH](=O)=O)cccc2c1",223.25300000000001,"[H]c1c([H])c(OS([H])(=O)=O)c2c([H])c([H])c(N([H])[H])c([H])c2c1[H]"
0.449,"8008-0244",1.36,"1,2,2-tricyano-3-ethyl-3-methylcyclopropyl cyanide",,"CCC1(C)C(C#N)(C#N)C1(C#N)C#N",184.202,"[H]C([H])([H])C([H])([H])C1(C([H])([H])[H])C(C#N)(C#N)C1(C#N)C#N"
1.612,"8008-1001",1.15,"ethyl 2-[(2Z)-1-amino-3-methyl-2,3-dihydro-1H-1,3-benzodiazol-2-ylidene]-2-cyanoacetate",,"CCOC(=O)C(C#N)=C1N(C)c2ccccc2N1N",258.281,"[H]c1c([H])c([H])c2c(c1[H])N(N([H])[H])C(=C(C#N)C(=O)OC([H])([H])C([H])([H])[H])N2C([H])([H])[H]"
-0.082,"8008-4577",0.94,"2,5-dimethyl-3,4-dihydro-2H-cyclopenta[e][1,2,4]triazine-6,6,7,7-tetracarbonitrile",,"CC1C2=NCN(C)N=C2C(C#N)(C#N)C1(C#N)C#N",251.25300000000001,"[H]C([H])([H])N1N=C2C(=NC1([H])[H])C([H])(C([H])([H])[H])C(C#N)(C#N)C2(C#N)C#N"
1.636,"8008-7339",1.24,"(1E)-1-(furan-2-yl)-4-hydroxy-4-methylpent-1-en-3-one",,"CC(C)(O)C(=O)C=Cc1ccco1",180.203,"[H]OC(C(=O)C([H])=C([H])c1oc([H])c([H])c1[H])(C([H])([H])[H])C([H])([H])[H]"
-0.209,"8008-9181",3.1684,"1-[3-(3,3-dimethyldiaziridin-1-yl)propyl]-3,3-dimethyldiaziridine",,"CC1(C)NN1CCCN1NC1(C)C",184.287,"[H]N1N(C([H])([H])C([H])([H])C([H])([H])N2N([H])C2(C([H])([H])[H])C([H])([H])[H])C1(C([H])([H])[H])C([H])([H])[H]"
2.706,"8009-3758",2.24416,"1-(2-bromoethynyl)cyclohexan-1-ol",,"OC1(C#CBr)CCCCC1",203.07899999999992,"[H]OC1(C#CBr)C([H])([H])C([H])([H])C([H])([H])C([H])([H])C1([H])[H]"
2.825,"8009-3797",2.87821,"2,3,4,9-tetrahydro-1H-carbazol-1-one",,"O=C1CCCc2c1[nH]c1ccccc21",185.22600000000003,"[H]c1c([H])c([H])c2c(c1[H])c1c(n2[H])C(=O)C([H])([H])C([H])([H])C1([H])[H]"
1.137,"8009-4410",-0.2,"N-ethyl-N-(3-hydroxy-1,4-dioxo-1,4-dihydronaphthalen-2-yl)acetamide",,"CCN(C(C)=O)C1C(=O)C(=O)c2ccccc2C1=O",259.26099999999997,"[H]c1c([H])c([H])c2c(c1[H])C(=O)C(=O)C([H])(N(C(=O)C([H])([H])[H])C([H])([H])C([H])([H])[H])C2=O"
0.628,"8009-8420",-1.83263,"4-[(dimethylsulfamoyl)amino]benzoic acid",,"CN(C)S(=O)(=O)Nc1ccc(C(=O)O)cc1",244.27200000000002,"[H]OC(=O)c1c([H])c([H])c(N([H])S(=O)(=O)N(C([H])([H])[H])C([H])([H])[H])c([H])c1[H]"
2.404,"8009-9817",0.11,"4-[(1E)-2-(pyrrolidin-1-yl)diazen-1-yl]benzoic acid",,"O=C(O)c1ccc(N=NN2CCCC2)cc1",219.24399999999994,"[H]OC(=O)c1c([H])c([H])c(N=NN2C([H])([H])C([H])([H])C([H])([H])C2([H])[H])c([H])c1[H]"
0.565,"8009-9831",2.14,"dimethyl 2-(1,1-dimethyl-lambda~4~-sulfanylidene)malonate",,"COC(=O)C(C(=O)OC)=S(C)C",192.236,"[H]C([H])([H])OC(=O)C(C(=O)OC([H])([H])[H])=S(C([H])([H])[H])C([H])([H])[H]"
1.015,"8010-3890",-1.84785,"2-(6-amino-2-bromo-3-methylphenyl)-2-oxoacetate",,"Cc1ccc(N)c(C(=O)C(=O)O)c1Br",258.071,"[H]OC(=O)C(=O)c1c(Br)c(C([H])([H])[H])c([H])c([H])c1N([H])[H]"
0.1,"8011-1496",1.55,"3-amino-4,5-dimethyl-4-nitrocyclopent-2-ene-1,1,2-tricarbonitrile",,"CC1C(C#N)(C#N)C(C#N)C(=N)C1(C)[N+](=O)[O-]",231.21499999999997,"[H]N=C1C([H])(C#N)C(C#N)(C#N)C([H])(C([H])([H])[H])C1([N+](=O)[O-])C([H])([H])[H]"
0.728,"8011-7681",0.76146,"4-(ethoxymethyl)-6-methyl-2-oxo-1,2-dihydropyridine-3-carbonitrile",,"CCOCc1cc(C)[nH]c(=O)c1C#N",192.218,"[H]c1c(C([H])([H])OC([H])([H])C([H])([H])[H])c(C#N)c(=O)n([H])c1C([H])([H])[H]"
2.087,"8013-1554",-1.83704,"2,2-dimethyl-4-oxo-1-phenyl-6-sulfanyl-1,2,3,4-tetrahydropyrimidine-5-carbonitrile",,"CC1(C)NC(=O)C(C#N)C(=S)N1c1ccccc1",259.334,"[H]c1c([H])c([H])c(N2C(=S)C([H])(C#N)C(=O)N([H])C2(C([H])([H])[H])C([H])([H])[H])c([H])c1[H]"
1.279,"8013-3636",0.23,"methyl 5-(cyanomethyl)-2-furoate",,"COC(=O)c1ccc(CC#N)o1",165.148,"[H]c1c(C(=O)OC([H])([H])[H])oc(C([H])([H])C#N)c1[H]"
0.884,"8013-5868",,"methyl 2-cyano-2-(2,2,6,6-tetramethyl-4-piperidyl)acetate",,"COC(=O)C(C#N)C1CC(C)(C)NC(C)(C)C1",238.331,"[H]N1C(C([H])([H])[H])(C([H])([H])[H])C([H])([H])C([H])(C([H])(C#N)C(=O)OC([H])([H])[H])C([H])([H])C1(C([H])([H])[H])C([H])([H])[H]"
1.843,"8016-0580",-0.063,"4-(2-methoxyphenyl)tetrahydro-2H-pyran-4-carbonitrile",,"COc1ccccc1C1(C#N)CCOCC1",217.26799999999992,"[H]c1c([H])c([H])c(C2(C#N)C([H])([H])C([H])([H])OC([H])([H])C2([H])[H])c(OC([H])([H])[H])c1[H]"
2.889,"8017-4410",2.86,"N~1~-(2,1,3-benzothiadiazol-4-yl)-2,2-dimethylpropanamide",,"CC(C)(C)C(=O)Nc1cccc2nsnc12",235.312,"[H]c1c([H])c(N([H])C(=O)C(C([H])([H])[H])(C([H])([H])[H])C([H])([H])[H])c2nsnc2c1[H]"
1.533,"8018-2191",-0.24,"5,6-dimethyl-6-(pyridin-3-yl)-3,6-dihydro-2H-1,3,4-oxadiazin-2-one",,"CC1=NNC(=O)OC1(C)c1cccnc1",205.217,"[H]c1nc([H])c(C2(C([H])([H])[H])OC(=O)N([H])N=C2C([H])([H])[H])c([H])c1[H]"
0.521,"8018-2980",-0.36142,"1-methyl-1H-imidazole-4,5-dicarbonitrile",,"Cn1cnc(C#N)c1C#N",132.12599999999998,"[H]c1nc(C#N)c(C#N)n1C([H])([H])[H]"
0.773,"8018-4247",1.27,"2-(ethanesulfonyl)-4-methoxybenzonitrile",,"CCS(=O)(=O)c1cc(OC)ccc1C#N",225.26899999999998,"[H]c1c([H])c(OC([H])([H])[H])c([H])c(S(=O)(=O)C([H])([H])C([H])([H])[H])c1C#N"
-0.249,"8018-6453",-2.92099,"1,2,5-thiadiazole-3-carboxylic acid",,"O=C(O)c1cnsn1",130.12800000000001,"[H]OC(=O)c1nsnc1[H]"
-0.035,"8018-8639",-2.6,"2-{5H,6H-imidazo[2,1-b][1,3]thiazol-3-yl}acetic acid",,"O=C(O)C=C1CSC2=NCCN12",184.22,"[H]OC(=O)C([H])=C1N2C(=NC([H])([H])C2([H])[H])SC1([H])[H]"
2.898,"8019-0166",1.6336,"3-ethyl-5-methyl-4-{3-methyl-[1,2,4]triazolo[3,4-b][1,3,4]thiadiazol-6-yl}-1,2-oxazole",,"CCc1noc(C)c1-c1nn2c(C)nnc2s1",249.29899999999998,"[H]C([H])([H])c1onc(C([H])([H])C([H])([H])[H])c1-c1nn2c(C([H])([H])[H])nnc2s1"
1.804,"8019-1395",2.53,"N-(3-fluorophenyl)-N'-methyl-N-(5-methyl-4,5-dihydro-1,3-thiazol-2-yl)urea",,"CNC(=O)N(C1=NCC(C)S1)c1cccc(F)c1",267.329,"[H]c1c([H])c(F)c([H])c(N(C(=O)N([H])C([H])([H])[H])C2=NC([H])([H])C([H])(C([H])([H])[H])S2)c1[H]"
1.185,"8019-4493",2.37327,"5-bromo-4,6-dimethyl-1H-pyrazolo[3,4-b]pyridin-3-amine",,"Cc1nc2[nH][nH]c(=N)c2c(C)c1Br",241.09199999999998,"[H]N=c1c2c(C([H])([H])[H])c(Br)c(C([H])([H])[H])nc2n([H])n1[H]"
2.385,"8019-4636",2.01,"2-amino-5-benzyl-4-methyl-1H-pyrrol-3-yl cyanide",,"Cc1c(Cc2ccccc2)[nH]c(N)c1C#N",211.26799999999997,"[H]c1c([H])c([H])c(C([H])([H])c2c(C([H])([H])[H])c(C#N)c(N([H])[H])n2[H])c([H])c1[H]"
2.05,"8019-6432",1.26,"(7-amino-2,3-dihydro-1,4-benzodioxin-6-yl)(cyclopropyl)methanone",,"Nc1cc2c(cc1C(=O)C1CC1)OCCO2",219.23999999999992,"[H]c1c2c(c([H])c(N([H])[H])c1C(=O)C1([H])C([H])([H])C1([H])[H])OC([H])([H])C([H])([H])O2"
1.403,"8019-6437",1.33223,"5-[(2H-1,3-benzodioxol-5-yl)methyl]-1,3,4-oxadiazole-2-thiol",,"S=c1[nH]nc(Cc2ccc3c(c2)OCO3)o1",236.25199999999998,"[H]c1c([H])c(C([H])([H])c2nn([H])c(=S)o2)c([H])c2c1OC([H])([H])O2"
-0.54,"8019-7777",-2.91098,"3-(3-oxo-2,3-dihydro-1,2-oxazol-5-yl)propanoic acid",,"O=C(O)CCc1cc(=O)[nH]o1",157.125,"[H]OC(=O)C([H])([H])C([H])([H])c1on([H])c(=O)c1[H]"
1.831,"8020-0655",1.94094,"6-fluoro-1H-1,3-benzodiazole-2-thiol",,"Fc1ccc2[nH]c(=S)[nH]c2c1",168.19600000000003,"[H]c1c(F)c([H])c2c(c1[H])n([H])c(=S)n2[H]"
0.913,"8020-2281",0.48,"(4,7-dimethoxy-1,3-benzodioxol-5-yl)methyl cyanide",,"COc1cc(CC#N)c(OC)c2c1OCO2",221.21199999999996,"[H]c1c(OC([H])([H])[H])c2c(c(OC([H])([H])[H])c1C([H])([H])C#N)OC([H])([H])O2"
-0.359,"8020-2394",-3.2292,"4-aminopyridine-2-carboxylic acid",,"N=c1cc[nH]c(C(=O)O)c1",138.12599999999998,"[H]N=c1c([H])c([H])n([H])c(C(=O)O[H])c1[H]"
0.278,"8020-2416",-2.2,"2-methyl-1,3-oxazole-4-carboxylic acid",,"Cc1nc(C(=O)O)co1",127.09899999999996,"[H]OC(=O)c1nc(C([H])([H])[H])oc1[H]"
-0.53,"8020-2421",-0.71,"1-{imidazo[2,1-b][1,3]thiazol-6-yl}methanamine",,"NCc1cn2ccsc2n1",153.20999999999998,"[H]c1sc2nc(C([H])([H])N([H])[H])c([H])n2c1[H]"
1.678,"8020-4313",1.38,"3,4-dichloro-5-isothiazolecarbonitrile",,"N#Cc1snc(Cl)c1Cl",179.031,"N#Cc1snc(Cl)c1Cl"
2.729,"8640-0050",1.91,"methyl 2-amino-5,5-dimethyl-4H,5H,7H-thieno[2,3-c]pyran-3-carboxylate",,"COC(=O)c1c(N)sc2c1CC(C)(C)OC2",241.31199999999995,"[H]N([H])c1sc2c(c1C(=O)OC([H])([H])[H])C([H])([H])C(C([H])([H])[H])(C([H])([H])[H])OC2([H])[H]"
1.123,"C066-5273",-0.93,"3-amino-1-benzothiophene-2-carboxylic acid",,"Nc1c(C(=O)O)sc2ccccc12",193.227,"[H]OC(=O)c1sc2c([H])c([H])c([H])c([H])c2c1N([H])[H]"
2.74,"C276-0800",4.18,"4-(4-ethylphenyl)-7,7-dimethyl-1,2,3,4,5,6,7,8-octahydroquinoline-2,5-dione",,"CCc1ccc(C2CC(=O)N=C3CC(C)(C)CC(=O)C32)cc1",297.39799999999997,"[H]c1c([H])c(C2([H])C([H])([H])C(=O)N=C3C([H])([H])C(C([H])([H])[H])(C([H])([H])[H])C([H])([H])C(=O)C32[H])c([H])c([H])c1C([H])([H])C([H])([H])[H]"
2.326,"C276-0810",2.27,"methyl 4-(2,5-dioxo-1,2,3,4,5,6,7,8-octahydroquinolin-4-yl)benzoate",,"COC(O)=c1ccc(=c2cc(O)nc3c2=C(O)CCC3)cc1",299.3260000000001,"[H]OC(OC([H])([H])[H])=c1c([H])c([H])c(=c2c([H])c(O[H])nc3c2=C(O[H])C([H])([H])C([H])([H])C3([H])[H])c([H])c1[H]"
0.43,"D163-0658",-1.18,"[(furan-2-yl)methyl](prop-2-yn-1-yl)amine",,"C#CCNCc1ccco1",135.16599999999997,"[H]C#CC([H])([H])N([H])C([H])([H])c1oc([H])c([H])c1[H]"
2.905,"D245-0071",1.42,"2-{methyl[5-methyl-2-(4-methylphenyl)-[1,2,4]triazolo[1,5-a]pyrimidin-7-yl]amino}ethan-1-ol",,"Cc1ccc(-c2nc3nc(C)cc(N(C)CCO)n3n2)cc1",297.362,"[H]OC([H])([H])C([H])([H])N(c1c([H])c(C([H])([H])[H])nc2nc(-c3c([H])c([H])c(C([H])([H])[H])c([H])c3[H])nn12)C([H])([H])[H]"
1.088,"F033-1316",1.25,"(1-benzyl-1,2,3,6-tetrahydro-4-pyridinyl)(morpholino)methanone",,"O=C(C1=CCN(Cc2ccccc2)CC1)N1CCOCC1",286.37500000000006,"[H]C1=C(C(=O)N2C([H])([H])C([H])([H])OC([H])([H])C2([H])[H])C([H])([H])C([H])([H])N(C([H])([H])c2c([H])c([H])c([H])c([H])c2[H])C1([H])[H]"
0.893,"FF01-2863",0.71,"4H-furo[3,2-b]pyrrole-5-carbohydrazide",,"NNC(=O)c1cc2occc2[nH]1",165.152,"[H]c1oc2c([H])c(C(=O)N([H])N([H])[H])n([H])c2c1[H]"
-0.104,"FF01-4809",-2.47,"5-(1H-imidazol-1-ylmethyl)-2-furoic acid",,"O=C(O)c1ccc(Cn2ccnc2)o1",192.174,"[H]OC(=O)c1oc(C([H])([H])n2c([H])nc([H])c2[H])c([H])c1[H]"
0.935,"G317-0441",-1.49,"3-(cycloheptylamino)-4-hydroxycyclobut-3-ene-1,2-dione",,"O=c1c(O)c(NC2CCCCCC2)c1=O",209.24499999999995,"[H]Oc1c(N([H])C2([H])C([H])([H])C([H])([H])C([H])([H])C([H])([H])C([H])([H])C2([H])[H])c(=O)c1=O"
2.829,"K783-6139",2.8,"4,4-dimethyl-2-(thiophen-2-yl)-4,5-dihydro-1,3-oxazole",,"CC1(C)COC(c2cccs2)=N1",181.26,"[H]c1sc(C2=NC(C([H])([H])[H])(C([H])([H])[H])C([H])([H])O2)c([H])c1[H]"
1.27,"K906-4820",1.23,"6-(thiophen-2-yl)-2,3-dihydropyridazin-3-one",,"O=c1ccc(-c2cccs2)n[nH]1",178.216,"[H]c1sc(-c2nn([H])c(=O)c([H])c2[H])c([H])c1[H]"
0.594,"R152-2053",0.08,"2-amino-2-phenylethan-1-ol",,"NC(CO)c1ccccc1",137.182,"[H]OC([H])([H])C([H])(c1c([H])c([H])c([H])c([H])c1[H])N([H])[H]"
0.079,"S553-0098",-1.01,"4-methyl-5,6,7,8-tetrahydro-2lambda~6~,1,3-benzothiadiazine-2,2(3H)-dione",,"CC1=NS(=O)(=O)N=C2CCCCC12",200.26299999999995,"[H]C([H])([H])C1=NS(=O)(=O)N=C2C([H])([H])C([H])([H])C([H])([H])C([H])([H])C12[H]"
1.83,"Y010-1773",1.83,"11-hydroxy-7,8,9,11-tetrahydro-6H-indeno[1,2-b]quinoxalin-5-ium-5-olate",,"[O-][n+]1c2c(nc3c1-c1ccccc1C3O)CCCC2",254.28899999999996,"[H]OC1([H])c2nc3c([n+]([O-])c2-c2c([H])c([H])c([H])c([H])c21)C([H])([H])C([H])([H])C([H])([H])C3([H])[H]"
0.347,"Y010-1958",-0.19,"5-amino-N~4~-methyl-2-thioxo-2,3-dihydro-1H-imidazole-4-carboxamide",,"CNC(=O)c1[nH]c(=S)[nH]c1N",172.213,"[H]N([H])c1c(C(=O)N([H])C([H])([H])[H])n([H])c(=S)n1[H]"
1.102,"Y021-2182",1.9,"(E)-2-(dimethylamino)-1-(4-methoxybenzoyl)-1-ethenyl cyanide",,"COc1ccc(C(=O)C(C#N)=CN(C)C)cc1",230.267,"[H]C(=C(C#N)C(=O)c1c([H])c([H])c(OC([H])([H])[H])c([H])c1[H])N(C([H])([H])[H])C([H])([H])[H]"
1.408,"Y030-8643",1.41,"N-(4-cyanophenyl)oxolane-2-carboxamide",,"N#Cc1ccc(NC(=O)C2CCCO2)cc1",216.23999999999995,"[H]c1c([H])c(N([H])C(=O)C2([H])OC([H])([H])C([H])([H])C2([H])[H])c([H])c([H])c1C#N"
2.939,"Y031-9308",-1.34,"2-[(4-fluorobenzyl)sulfanyl]acetic acid",,"O=C(O)CSCc1ccc(F)cc1",200.234,"[H]OC(=O)C([H])([H])SC([H])([H])c1c([H])c([H])c(F)c([H])c1[H]"
-0.188,"Y032-0858",0.6,"2,2,2-trichloro-N,N-bis(cyanomethyl)acetamide",,"N#CCN(CC#N)C(=O)C(Cl)(Cl)Cl",240.477,"[H]C([H])(C#N)N(C(=O)C(Cl)(Cl)Cl)C([H])([H])C#N"
0.67,"Y042-7293",-2.63,"2-[(3-oxo-1,3-dihydro-1-isobenzofuranyl)sulfanyl]acetic acid",,"O=C(O)CSC1OC(=O)c2ccccc21",224.237,"[H]OC(=O)C([H])([H])SC1([H])OC(=O)c2c([H])c([H])c([H])c([H])c21"
0.267,"Y043-7849",0.22,"methyl (2S)-2-{[(isopropylamino)carbonyl]amino}propanoate",,"COC(=O)C(C)NC(=O)NC(C)C",188.227,"[H]N(C(=O)N([H])C([H])(C([H])([H])[H])C([H])([H])[H])C([H])(C(=O)OC([H])([H])[H])C([H])([H])[H]"
2.648,"Z601-0562",2.14,"N~3~-allyl-N~3~-methyl-4,5,6,7-tetrahydro-1-benzothiophene-3-carboxamide",,"C=CCN(C)C(=O)c1csc2c1CCCC2",235.35199999999992,"[H]C([H])=C([H])C([H])([H])N(C(=O)c1c([H])sc2c1C([H])([H])C([H])([H])C([H])([H])C2([H])[H])C([H])([H])[H]"
1.725,"Z601-1402",7.4,"N4-CYCLOPENTYL-N1-(PROPAN-2-YL)-1,2,3,6-TETRAHYDROPYRIDINE-1,4-DICARBOXAMIDE",,"CC(C)NC(=O)N1C=CC(C(=O)NC2CCCC2)CC1",279.384,"[H]C1=C([H])C([H])(C(=O)N([H])C2([H])C([H])([H])C([H])([H])C([H])([H])C2([H])[H])C([H])([H])C([H])([H])N1C(=O)N([H])C([H])(C([H])([H])[H])C([H])([H])[H]"
1.251,"Z601-7561",0.391,"N,N,2,3-tetramethylquinoxaline-6-carboxamide",,"Cc1nc2ccc(C(=O)N(C)C)cc2nc1C",229.28299999999996,"[H]c1c(C(=O)N(C([H])([H])[H])C([H])([H])[H])c([H])c2nc(C([H])([H])[H])c(C([H])([H])[H])nc2c1[H]"
2.203,"Z606-0678",3.371,"N-ethyl-1-(4-fluorophenyl)cyclopropane-1-carboxamide",,"CCNC(=O)C1(c2ccc(F)cc2)CC1",207.24799999999993,"[H]c1c([H])c(C2(C(=O)N([H])C([H])([H])C([H])([H])[H])C([H])([H])C2([H])[H])c([H])c([H])c1F"
0.874,"1183-1459",1.16,"(3E)-4-(pyridin-4-yl)but-3-en-2-ol",,"CC(O)C=Cc1ccncc1",149.193,"[H]OC([H])(C([H])=C([H])c1c([H])c([H])nc([H])c1[H])C([H])([H])[H]"
1.68,"0080-0069",2.04,"1-(5-ethyl-2,4-dimethyl-1H-pyrrol-3-yl)ethan-1-one",,"CCc1[nH]c(C)c(C(C)=O)c1C",165.23599999999996,"[H]n1c(C([H])([H])[H])c(C(=O)C([H])([H])[H])c(C([H])([H])[H])c1C([H])([H])C([H])([H])[H]"
1.996,"8018-4717",2.62,"[3-(2-thienyl)-5-isoxazolyl]methanol",,"OCc1cc(-c2cccs2)no1",181.21599999999998,"[H]OC([H])([H])c1onc(-c2sc([H])c([H])c2[H])c1[H]"
1.747,"Y031-2188",2.11,"N-[2-(5-methyl-1H-indol-3-yl)ethyl]methanesulfonamide",,"Cc1ccc2[nH]cc(CCNS(C)(=O)=O)c2c1",252.339,"[H]c1c(C([H])([H])[H])c([H])c2c(C([H])([H])C([H])([H])N([H])S(=O)(=O)C([H])([H])[H])c([H])n([H])c2c1[H]"
0.478,"C614-7016",-2.55,"N-(4-fluorophenyl)guanidine",,"N=C(N)Nc1ccc(F)cc1",153.16,"[H]N=C(N([H])[H])N([H])c1c([H])c([H])c(F)c([H])c1[H]"
-1.055,"Y043-8333",-3.61,"1-amino-1-cyclopropanecarboxylic acid",,"NC1(C(=O)O)CC1",101.105,"[H]OC(=O)C1(N([H])[H])C([H])([H])C1([H])[H]"
2.389,"Z606-4951",2.927,"N-cyclopropyl-5-methyl-3-phenyl-4,5-dihydro-1,2-oxazole-5-carboxamide",,"CC1(C(=O)NC2CC2)CC(c2ccccc2)=NO1",244.294,"[H]c1c([H])c([H])c(C2=NOC(C(=O)N([H])C3([H])C([H])([H])C3([H])[H])(C([H])([H])[H])C2([H])[H])c([H])c1[H]"
-0.443,"8009-2683",-6.37,"1-phosphonatocyclopropane-1-carboxylate",,"O=C(O)C1([PH](=O)(=O)O)CC1",166.069,"[H]OC(=O)C1(P([H])(=O)(=O)O[H])C([H])([H])C1([H])[H]"
0.816,"R052-2208",-1.36,"5-methyl-4,5,6,7-tetrahydro-1H-indazole-3-carboxylic acid",,"CC1CCc2[nH]nc(C(=O)O)c2C1",180.207,"[H]OC(=O)c1nn([H])c2c1C([H])([H])C([H])(C([H])([H])[H])C([H])([H])C2([H])[H]"
-0.391,"8019-7854",0.0218573,"N-[(2H-1,3-benzodioxol-5-yl)methyl]guanidine",,"N=C(N)NCc1ccc2c(c1)OCO2",193.20599999999996,"[H]N=C(N([H])[H])N([H])C([H])([H])c1c([H])c([H])c2c(c1[H])OC([H])([H])O2"
0.806,"R152-1497",0.59,"4-(aminomethyl)-N,N-dimethylaniline",,"CN(C)c1ccc(CN)cc1",150.225,"[H]c1c([H])c(C([H])([H])N([H])[H])c([H])c([H])c1N(C([H])([H])[H])C([H])([H])[H]"
2.401,"8002-7060",3,"2,6-diamino-4-[4-(propan-2-yl)phenyl]-4H-thiopyran-3,5-dicarbonitrile",,"CC(C)c1ccc(C2C(C#N)C(=N)SC(=N)C2C#N)cc1",296.399,"[H]N=C1SC(=N[H])C([H])(C#N)C([H])(c2c([H])c([H])c(C([H])(C([H])([H])[H])C([H])([H])[H])c([H])c2[H])C1([H])C#N"
1.19,"1326-1662",2.44,"2-hydroxy-1H-benzo[de]isoquinoline-1,3(2H)-dione",,"O=C1c2cccc3cccc(c23)C(=O)N1O",213.19199999999998,"[H]ON1C(=O)c2c([H])c([H])c([H])c3c([H])c([H])c([H])c(c23)C1=O"
1.213,"R052-0875",-1.15,"N-[(furan-2-yl)methyl]-9H-purin-6-amine",,"c1coc(CN=c2[nH]cnc3[nH]cnc23)c1",215.216,"[H]c1oc(C([H])([H])N=c2c3nc([H])n([H])c3nc([H])n2[H])c([H])c1[H]"
2.282,"8009-3780",2.49,"1-(4-hydroxyphenyl)butan-1-one",,"CCCC(=O)c1ccc(O)cc1",164.20399999999998,"[H]Oc1c([H])c([H])c(C(=O)C([H])([H])C([H])([H])C([H])([H])[H])c([H])c1[H]"
0.309,"8013-1370",-2.11,"4-(aminomethyl)-2,5-dimethyl-3-furoic acid",,"Cc1oc(C)c(C(=O)O)c1CN",169.17999999999995,"[H]OC(=O)c1c(C([H])([H])[H])oc(C([H])([H])[H])c1C([H])([H])N([H])[H]"
0.935,"8018-3736",1.03,"[2-(thiophen-2-yl)ethyl]urea",,"NC(=O)NCCc1cccs1",170.237,"[H]c1sc(C([H])([H])C([H])([H])N([H])C(=O)N([H])[H])c([H])c1[H]"
-0.682,"Y043-8355",-4.71,"(2S)-2-(propionylamino)propanoic acid",,"CCC(=O)NC(C)C(=O)O",145.158,"[H]OC(=O)C([H])(N([H])C(=O)C([H])([H])C([H])([H])[H])C([H])([H])[H]"
1.644,"0342-0097",1.2,"methyl N-(1H-1,3-benzodiazol-2-yl)carbamate",,"COC(=O)N=c1[nH]c2ccccc2[nH]1",191.19000000000003,"[H]c1c([H])c([H])c2c(c1[H])n([H])c(=NC(=O)OC([H])([H])[H])n2[H]"
2.424,"4298-0059",1.5,"(4-ethylphenyl)(1,3,5-triazatricyclo[3.3.1.1~3,7~]dec-7-yl)methanone",,"CCc1ccc(C(=O)C23CN4CN(CN(C4)C2)C3)cc1",271.3639999999999,"[H]c1c([H])c(C([H])([H])C([H])([H])[H])c([H])c([H])c1C(=O)C12C([H])([H])N3C([H])([H])N(C([H])([H])N(C3([H])[H])C1([H])[H])C2([H])[H]"
1.438,"5069-0212",3.23,"1,7,7-trimethyl-2,6-dioxatricyclo[6.2.2.0~4,9~]dodecane-3,5-dione",,"CC12CCC3C(C1)C(C(=O)O2)C(=O)OC3(C)C",238.28299999999996,"[H]C([H])([H])C12OC(=O)C3([H])C(=O)OC(C([H])([H])[H])(C([H])([H])[H])C([H])(C([H])([H])C1([H])[H])C3([H])C2([H])[H]"
2.451,"6228-0695",2.95,"8-(prop-2-en-1-yl)-2H-chromen-2-one",,"C=CCc1cccc2ccc(=O)oc12",186.20999999999995,"[H]C([H])=C([H])C([H])([H])c1c([H])c([H])c([H])c2c([H])c([H])c(=O)oc12"
1.199,"P060-0766",1.503,"N-{[4-(4-methyl-1H-imidazol-1-yl)phenyl]methyl}acetamide",,"CC(=O)NCc1ccc(-n2cnc(C)c2)cc1",229.283,"[H]c1c([H])c(C([H])([H])N([H])C(=O)C([H])([H])[H])c([H])c([H])c1-n1c([H])nc(C([H])([H])[H])c1[H]"
2.747,"D469-0003",3.19,"1-(2-cyano-3,3-dimethyl-3,4-dihydronaphthalen-1-yl)-3-methylurea",,"CNC(=O)N=C1c2ccccc2CC(C)(C)C1C#N",255.32099999999997,"[H]c1c([H])c([H])c2c(c1[H])C(=NC(=O)N([H])C([H])([H])[H])C([H])(C#N)C(C([H])([H])[H])(C([H])([H])[H])C2([H])[H]"
1.67,"1726-0001",-1.06,"5-(methylsulfanyl)thiophene-2-carboxylic acid",,"CSc1ccc(C(=O)O)s1",174.24599999999998,"[H]OC(=O)c1sc(SC([H])([H])[H])c([H])c1[H]"
0.973,"8017-9587",-0.83,"5-fluoro-3-hydroxy-3-(2-oxopropyl)-1,3-dihydro-2H-indol-2-one",,"CC(=O)CC1(O)C(=O)Nc2ccc(F)cc21",223.20299999999997,"[H]OC1(C([H])([H])C(=O)C([H])([H])[H])C(=O)N([H])c2c([H])c([H])c(F)c([H])c21"
1.69,"D400-5940",0.77,"4-methoxy-N,N-dimethyl-3-(5-methyl-1,2,4-oxadiazol-3-yl)benzene-1-sulfonamide",,"COc1ccc(S(=O)(=O)N(C)C)cc1-c1noc(C)n1",297.33600000000007,"[H]c1c([H])c(S(=O)(=O)N(C([H])([H])[H])C([H])([H])[H])c([H])c(-c2noc(C([H])([H])[H])n2)c1OC([H])([H])[H]"
0.504,"8011-4061",-0.15,"4-(furan-2-yl)-2,6-dimethyl-1,4-dihydropyridine-3,5-dicarboxamide",,"CC1=NC(C)=C(C(N)=O)C(c2ccco2)C1C(N)=O",261.281,"[H]c1oc(C2([H])C(C(=O)N([H])[H])=C(C([H])([H])[H])N=C(C([H])([H])[H])C2([H])C(=O)N([H])[H])c([H])c1[H]"
